distance [mm],force_median [N],L2012_lambda [1/mm],L2012_f0 [N],L2012_delta [mm],L2012_L [mm],P2015_density [kg/m^3],P2015_ssa [m^2/kg]
0.0000,0.1118,13569.3735,0.0006,0.0258,0.1131,206.7534,31.4595
1.2500,0.1105,29055.9362,0.0003,0.0220,0.0878,203.2193,34.6323
2.5000,0.1105,883261.3129,0.0000,0.0062,0.0281,197.4374,44.5282
3.7500,0.1105,134560.0889,0.0002,0.0089,0.0526,199.8156,39.8651
5.0000,0.1105,106168.7125,0.0002,0.0098,0.0570,200.2351,39.1392
6.2500,0.1105,332892.9924,0.0001,0.0082,0.0389,198.4853,42.3495
7.5000,0.1105,558556.3445,0.0001,0.0059,0.0328,197.8873,43.5667
8.7500,0.1105,577348.8188,0.0001,0.0056,0.0324,197.8525,43.6397
10.0000,0.1105,538507.0898,0.0001,0.0058,0.0332,197.9263,43.4854
11.2500,0.1105,524751.7531,0.0001,0.0064,0.0334,197.9541,43.4274
12.5000,0.1105,632291.1264,0.0000,0.0071,0.0314,197.7587,43.8374
13.7500,0.1105,995435.8220,0.0000,0.0065,0.0270,197.3309,44.7619
15.0000,0.1105,158744.6107,0.0002,0.0067,0.0498,199.5420,40.3528
16.2500,0.1118,114023.4428,0.0003,0.0070,0.0556,201.2657,39.1381
17.5000,0.1145,73591.3131,0.0004,0.0083,0.0644,204.3546,37.3395
18.7500,0.1226,58032.2479,0.0005,0.0081,0.0697,211.2593,35.4667
20.0000,0.1293,59226.1794,0.0003,0.0129,0.0692,216.2521,34.7065
21.2500,0.1360,74634.8204,0.0002,0.0184,0.0641,220.6608,34.6125
22.5000,0.1374,273772.0853,0.0001,0.0160,0.0415,220.0054,37.6813
23.7500,0.1387,235833.0215,0.0001,0.0157,0.0437,221.1028,37.1842
25.0000,0.1401,185652.4702,0.0001,0.0158,0.0473,222.2888,36.4783
26.2500,0.1414,116552.9652,0.0001,0.0178,0.0552,223.7465,35.1986
27.5000,0.1441,167266.3043,0.0001,0.0143,0.0490,225.1482,35.7670
28.7500,0.1441,154649.1691,0.0001,0.0149,0.0503,225.2321,35.5846
30.0000,0.1441,87337.1199,0.0001,0.0261,0.0608,225.9145,34.1664
31.2500,0.1441,141201.9021,0.0001,0.0227,0.0518,225.3323,35.3693
32.5000,0.1441,121118.7193,0.0001,0.0232,0.0545,225.5082,34.9973
33.7500,0.1428,104498.1386,0.0001,0.0272,0.0573,224.7891,34.7736
35.0000,0.1441,140858.7950,0.0001,0.0232,0.0518,225.3350,35.3635
36.2500,0.1441,106386.8098,0.0001,0.0223,0.0569,225.6641,34.6739
37.5000,0.1441,114309.4013,0.0001,0.0208,0.0556,225.5769,34.8540
38.7500,0.1455,107692.5461,0.0001,0.0214,0.0567,226.5384,34.5613
40.0000,0.1495,46243.7612,0.0002,0.0309,0.0752,230.2701,31.9069
41.2500,0.1509,77424.7218,0.0002,0.0237,0.0633,230.4054,33.1810
42.5000,0.1509,136930.5355,0.0001,0.0177,0.0523,229.7570,34.5787
43.7500,0.1495,102518.3026,0.0001,0.0201,0.0576,229.2143,34.0226
45.0000,0.1482,88838.5844,0.0002,0.0192,0.0605,228.5232,33.7977
46.2500,0.1522,52884.7820,0.0003,0.0200,0.0719,231.7464,32.0410
47.5000,0.1563,37854.8860,0.0003,0.0256,0.0803,234.6686,30.7641
48.7500,0.1657,39261.3233,0.0007,0.0116,0.0794,240.0560,30.1327
50.0000,0.1751,53931.8324,0.0006,0.0111,0.0714,244.8676,30.2637
51.2500,0.1818,30768.0751,0.0008,0.0146,0.0861,248.9454,28.3839
52.5000,0.1940,28521.3177,0.0008,0.0175,0.0883,254.9488,27.4760
53.7500,0.2074,4273.1477,0.0017,0.0577,0.1662,262.7162,21.5766
55.0000,0.2074,4131.5470,0.0015,0.0664,0.1681,262.7549,21.4761
56.2500,0.1980,19049.6375,0.0004,0.0585,0.1010,257.1747,26.2140
57.5000,0.1967,30923.4293,0.0003,0.0393,0.0860,256.1511,27.5299
58.7500,0.1953,34056.7475,0.0003,0.0374,0.0832,255.4425,27.8437
60.0000,0.1940,10762.0160,0.0007,0.0499,0.1222,255.9227,24.8291
61.2500,0.1818,7085.0266,0.0008,0.0614,0.1405,250.9327,24.1383
62.5000,0.1765,35265.1052,0.0003,0.0318,0.0823,246.0232,29.0885
63.7500,0.1751,48233.7763,0.0004,0.0163,0.0741,244.9790,29.9858
65.0000,0.1711,51864.4345,0.0006,0.0119,0.0723,242.7184,30.4605
66.2500,0.1657,56789.3444,0.0004,0.0166,0.0702,239.6164,31.1016
67.5000,0.1603,36066.6136,0.0003,0.0348,0.0817,237.1042,30.3076
68.7500,0.1563,43824.9105,0.0002,0.0319,0.0765,234.4584,31.1751
70.0000,0.1509,30167.9024,0.0003,0.0311,0.0867,231.7881,30.5406
71.2500,0.1482,34968.9459,0.0003,0.0332,0.0825,229.8755,31.2114
72.5000,0.1468,59083.5410,0.0002,0.0268,0.0693,228.2043,32.8440
73.7500,0.1468,104476.9368,0.0001,0.0215,0.0573,227.4555,34.3446
75.0000,0.1441,37251.0488,0.0002,0.0387,0.0808,227.2071,31.7619
76.2500,0.1414,38783.9694,0.0002,0.0403,0.0797,225.3860,32.1356
77.5000,0.1401,88516.2034,0.0002,0.0208,0.0605,223.1915,34.6335
78.7500,0.1387,121488.2196,0.0002,0.0148,0.0545,221.8519,35.6098
80.0000,0.1401,115088.8576,0.0001,0.0177,0.0555,222.8458,35.3181
81.2500,0.1441,93404.3477,0.0002,0.0198,0.0595,225.8274,34.3412
82.5000,0.1468,101614.6870,0.0002,0.0169,0.0578,227.4888,34.2750
83.7500,0.1495,70468.5032,0.0003,0.0142,0.0653,229.6767,33.0633
85.0000,0.1536,64065.2939,0.0003,0.0141,0.0674,232.3186,32.4363
86.2500,0.1522,75977.3701,0.0003,0.0133,0.0637,231.2713,33.0049
87.5000,0.1495,109496.2071,0.0002,0.0144,0.0564,229.1389,34.1843
88.7500,0.1482,89355.0396,0.0002,0.0167,0.0603,228.5160,33.8125
90.0000,0.1468,72171.3538,0.0002,0.0215,0.0648,227.9251,33.3883
91.2500,0.1482,91076.8856,0.0002,0.0212,0.0600,228.4925,33.8612
92.5000,0.1455,55465.8235,0.0003,0.0194,0.0707,227.4310,32.7969
93.7500,0.1374,40676.9309,0.0003,0.0236,0.0784,222.6070,32.6763
95.0000,0.1347,76841.1804,0.0002,0.0211,0.0635,219.6733,34.8471
96.2500,0.1334,42803.5744,0.0004,0.0167,0.0771,219.7337,33.2516
97.5000,0.1293,58984.5151,0.0003,0.0131,0.0693,216.2594,34.6940
98.7500,0.1293,88658.6911,0.0002,0.0168,0.0605,215.5740,35.8955
100.0000,0.1307,123911.5739,0.0001,0.0176,0.0541,216.0706,36.6453
101.2500,0.1347,44782.7684,0.0003,0.0184,0.0760,220.5856,33.2499
102.5000,0.1414,29615.4947,0.0003,0.0339,0.0872,225.8884,31.2986
103.7500,0.1482,21098.5735,0.0003,0.0441,0.0976,230.8041,29.6483
105.0000,0.1536,13955.2658,0.0005,0.0412,0.1121,234.8643,27.9113
106.2500,0.1630,19138.1990,0.0004,0.0422,0.1009,239.6039,28.2621
107.5000,0.1616,26333.5259,0.0004,0.0339,0.0907,238.3376,29.3058
108.7500,0.1563,28475.8216,0.0002,0.0444,0.0883,235.1080,29.9385
110.0000,0.1563,26882.4703,0.0003,0.0442,0.0901,235.2021,29.7674
111.2500,0.1589,23399.1267,0.0003,0.0441,0.0943,236.9926,29.1512
112.5000,0.1616,48951.8525,0.0002,0.0288,0.0737,237.4772,31.0363
113.7500,0.1657,32215.4018,0.0004,0.0288,0.0848,240.3147,29.5894
115.0000,0.1724,20779.6292,0.0003,0.0477,0.0981,244.5623,27.8919
116.2500,0.1778,22878.7112,0.0004,0.0418,0.0950,247.2280,27.8309
117.5000,0.1805,11793.2040,0.0005,0.0567,0.1185,249.4756,25.7623
118.7500,0.1751,11173.2386,0.0008,0.0379,0.1207,246.8939,25.8867
120.0000,0.1670,35765.3734,0.0003,0.0292,0.0819,240.9253,29.7804
121.2500,0.1657,26144.6410,0.0003,0.0474,0.0909,240.6071,28.9983
122.5000,0.1643,30481.0895,0.0003,0.0364,0.0864,239.6392,29.5313
123.7500,0.1616,46759.9106,0.0002,0.0349,0.0749,237.5349,30.9141
125.0000,0.1589,29581.3485,0.0003,0.0397,0.0872,236.6178,29.8442
126.2500,0.1549,29126.7323,0.0003,0.0423,0.0877,234.2764,30.1105
127.5000,0.1522,21625.8971,0.0003,0.0506,0.0968,233.1966,29.4116
128.7500,0.1549,766.7162,0.0028,0.1496,0.2948,245.8683,17.6022
130.0000,0.1576,639.6217,0.0032,0.1582,0.3131,248.0086,16.8924
131.2500,0.1563,2266.7166,0.0016,0.0871,0.2054,241.5364,21.4364
132.5000,0.1576,6886.0216,0.0008,0.0565,0.1418,238.7766,25.2895
133.7500,0.1589,11377.6520,0.0006,0.0460,0.1199,238.3472,26.8886
135.0000,0.1603,24718.3545,0.0004,0.0328,0.0926,237.6723,29.2171
136.2500,0.1563,15254.8013,0.0007,0.0309,0.1088,236.2304,28.0138
137.5000,0.1522,24049.8687,0.0004,0.0333,0.0935,233.0008,29.7417
138.7500,0.1576,25440.2440,0.0004,0.0313,0.0917,236.0780,29.5010
140.0000,0.1589,31713.9298,0.0003,0.0293,0.0852,236.5120,30.0456
141.2500,0.1589,45334.4251,0.0003,0.0215,0.0757,236.0062,31.0470
142.5000,0.1576,68032.5143,0.0004,0.0115,0.0661,234.6961,32.2333
143.7500,0.1589,50747.4806,0.0005,0.0139,0.0729,235.8586,31.3515
145.0000,0.1657,16268.4891,0.0004,0.0507,0.1065,241.3519,27.5916
146.2500,0.1697,24064.6866,0.0003,0.0410,0.0934,242.9253,28.4868
147.5000,0.1751,15396.1417,0.0005,0.0453,0.1084,246.3909,26.8529
148.7500,0.1791,21196.5750,0.0004,0.0425,0.0975,248.0084,27.5364
150.0000,0.1845,13336.8781,0.0006,0.0459,0.1138,251.2609,25.9133
151.2500,0.1926,28226.3590,0.0003,0.0396,0.0886,254.3183,27.5247
152.5000,0.1940,18663.0532,0.0004,0.0494,0.1017,255.3341,26.3651
153.7500,0.1980,14153.0377,0.0007,0.0380,0.1115,257.4506,25.4107
155.0000,0.2034,16873.6696,0.0005,0.0525,0.1052,259.6930,25.6300
156.2500,0.2034,14731.5929,0.0005,0.0570,0.1101,259.8049,25.2676
157.5000,0.2007,16585.3332,0.0005,0.0450,0.1058,258.5115,25.7125
158.7500,0.1926,14450.5032,0.0006,0.0412,0.1108,254.9737,25.7305
160.0000,0.1859,18206.4997,0.0005,0.0402,0.1025,251.5260,26.7271
161.2500,0.1859,21529.3099,0.0005,0.0323,0.0970,251.3371,27.1889
162.5000,0.1886,8426.3114,0.0011,0.0409,0.1326,253.7869,24.3581
163.7500,0.1899,4788.9214,0.0011,0.0725,0.1601,255.2616,22.5681
165.0000,0.1994,4714.8938,0.0016,0.0529,0.1609,259.3081,22.1591
166.2500,0.2088,9682.4498,0.0007,0.0613,0.1266,262.4629,23.8860
167.5000,0.2196,4265.9913,0.0017,0.0614,0.1663,267.3936,21.1749
168.7500,0.2223,6542.8494,0.0011,0.0625,0.1442,268.1269,22.2955
170.0000,0.2182,1829.7489,0.0017,0.1429,0.2206,267.6714,18.7194
171.2500,0.2182,1553.4964,0.0020,0.1422,0.2329,267.8504,18.2292
172.5000,0.2182,5108.5095,0.0010,0.0834,0.1566,266.7467,21.7355
173.7500,0.2276,5158.6176,0.0017,0.0539,0.1561,270.2739,21.4592
175.0000,0.2357,2326.6433,0.0019,0.1073,0.2036,273.4316,18.9883
176.2500,0.2236,1831.6035,0.0017,0.1416,0.2205,269.5182,18.5892
177.5000,0.2249,3134.3794,0.0014,0.1019,0.1843,269.5834,20.1250
178.7500,0.2344,1619.2829,0.0027,0.1074,0.2297,273.1376,17.9805
180.0000,0.2465,1877.2419,0.0021,0.1248,0.2187,276.9049,18.1366
181.2500,0.2438,7656.9518,0.0011,0.0575,0.1369,275.9857,22.0130
182.5000,0.2317,2093.3301,0.0037,0.0573,0.2109,272.1389,18.7832
183.7500,0.1913,1661.9359,0.0027,0.0873,0.2278,257.9089,19.1498
185.0000,0.1845,7594.2215,0.0008,0.0620,0.1373,252.0777,24.2283
186.2500,0.1751,8412.3362,0.0011,0.0384,0.1326,247.3864,25.0044
187.5000,0.1724,18707.9064,0.0006,0.0293,0.1016,244.7126,27.5871
188.7500,0.1751,9473.9082,0.0007,0.0549,0.1275,247.1745,25.3767
190.0000,0.1859,5087.4212,0.0019,0.0376,0.1569,253.3666,22.9219
191.2500,0.2034,6098.7049,0.0017,0.0403,0.1477,260.6693,22.7765
192.5000,0.2169,7439.6577,0.0012,0.0470,0.1382,265.9490,22.8423
193.7500,0.2223,5933.6730,0.0012,0.0629,0.1490,268.1854,22.0238
195.0000,0.2196,5019.3734,0.0012,0.0756,0.1576,267.2732,21.6409
196.2500,0.2169,5083.4365,0.0013,0.0669,0.1569,266.2336,21.7662
197.5000,0.2088,5677.4249,0.0010,0.0741,0.1512,262.9514,22.3666
198.7500,0.2034,8270.5096,0.0007,0.0664,0.1334,260.3416,23.6616
200.0000,0.2007,17330.5526,0.0006,0.0369,0.1042,258.4737,25.8298
201.2500,0.2007,27280.7249,0.0007,0.0207,0.0896,258.1137,27.0004
202.5000,0.2020,23281.2768,0.0009,0.0201,0.0945,258.8422,26.5315
203.7500,0.2088,13511.3632,0.0009,0.0353,0.1133,262.1992,24.7942
205.0000,0.2074,17623.2339,0.0010,0.0234,0.1037,261.4270,25.5550
206.2500,0.2088,25196.0382,0.0008,0.0200,0.0920,261.7782,26.3947
207.5000,0.2088,15357.1402,0.0007,0.0404,0.1085,262.1054,25.1339
208.7500,0.2034,15428.7110,0.0007,0.0400,0.1084,259.7662,25.3918
210.0000,0.1994,10758.7567,0.0007,0.0512,0.1222,258.3250,24.5832
211.2500,0.1926,10924.2793,0.0006,0.0568,0.1216,255.2938,24.9351
212.5000,0.1886,26873.4117,0.0005,0.0272,0.0901,252.4204,27.6271
213.7500,0.1872,24913.7442,0.0007,0.0218,0.0924,251.8400,27.5049
215.0000,0.1872,32613.0597,0.0006,0.0204,0.0844,251.5782,28.2061
216.2500,0.1913,33472.4331,0.0007,0.0171,0.0837,253.5256,28.0329
217.5000,0.1980,57699.6037,0.0006,0.0118,0.0698,256.3561,28.9218
218.7500,0.2034,32733.1309,0.0007,0.0174,0.0843,259.2139,27.3050
220.0000,0.2142,11860.1816,0.0010,0.0364,0.1183,264.5445,24.2182
221.2500,0.2209,25056.1476,0.0006,0.0292,0.0922,266.9347,25.8147
222.5000,0.2249,36355.8356,0.0005,0.0239,0.0814,268.4737,26.4813
223.7500,0.2249,21689.7557,0.0006,0.0338,0.0967,268.6387,25.2951
225.0000,0.2249,11630.6680,0.0008,0.0462,0.1191,268.8795,23.7418
226.2500,0.2223,11667.5779,0.0009,0.0418,0.1189,267.8172,23.8533
227.5000,0.2088,7732.2405,0.0011,0.0495,0.1364,262.6582,23.2548
228.7500,0.1980,11528.1614,0.0007,0.0507,0.1194,257.6577,24.8390
230.0000,0.1940,23733.0396,0.0004,0.0363,0.0939,255.1091,27.0028
231.2500,0.1940,43150.7327,0.0004,0.0206,0.0769,254.6217,28.4941
232.5000,0.1940,16688.0474,0.0007,0.0316,0.1056,255.4451,26.0613
233.7500,0.1940,13858.2131,0.0007,0.0390,0.1123,255.6389,25.5470
235.0000,0.1940,39050.4623,0.0005,0.0195,0.0795,254.6965,28.2548
236.2500,0.1980,31575.8169,0.0006,0.0224,0.0854,256.7638,27.5075
237.5000,0.2020,19434.5199,0.0007,0.0312,0.1003,258.9817,26.0661
238.7500,0.2034,18344.3526,0.0007,0.0305,0.1023,259.6266,25.8500
240.0000,0.2074,8285.6957,0.0013,0.0373,0.1333,262.0379,23.5037
241.2500,0.2074,9880.8677,0.0014,0.0302,0.1257,261.8813,23.9977
242.5000,0.2007,24115.3237,0.0009,0.0194,0.0934,258.2062,26.6896
243.7500,0.2007,19425.6218,0.0010,0.0201,0.1004,258.3779,26.1312
245.0000,0.1994,19560.0578,0.0008,0.0250,0.1001,257.7639,26.2163
246.2500,0.2020,17039.2991,0.0009,0.0273,0.1048,259.0886,25.7199
247.5000,0.2074,10879.7315,0.0012,0.0309,0.1218,261.7995,24.2641
248.7500,0.2074,9785.3394,0.0014,0.0300,0.1261,261.8897,23.9707
250.0000,0.2034,15597.0320,0.0013,0.0203,0.1080,259.7572,25.4208
251.2500,0.2034,16089.9231,0.0011,0.0237,0.1069,259.7316,25.5038
252.5000,0.2101,14490.7615,0.0010,0.0306,0.1107,262.7202,24.9213
253.7500,0.2169,17526.6737,0.0011,0.0228,0.1039,265.4266,25.1189
255.0000,0.2236,25267.9529,0.0009,0.0186,0.0919,268.0384,25.7148
256.2500,0.2209,15239.5603,0.0012,0.0236,0.1088,267.1504,24.5947
257.5000,0.2142,13598.6497,0.0011,0.0285,0.1130,264.4563,24.5805
258.7500,0.2142,14554.3335,0.0010,0.0303,0.1105,264.4140,24.7582
260.0000,0.2142,8952.3998,0.0014,0.0352,0.1299,264.7391,23.4555
261.2500,0.2196,6722.6709,0.0018,0.0358,0.1429,267.0725,22.4641
262.5000,0.2155,8967.8476,0.0014,0.0344,0.1299,265.2816,23.4084
263.7500,0.2101,21219.8966,0.0008,0.0235,0.0974,262.4687,25.9036
265.0000,0.2155,11629.1829,0.0013,0.0289,0.1191,265.1096,24.1109
266.2500,0.2196,17602.5817,0.0009,0.0283,0.1037,266.5342,25.0142
267.5000,0.2155,29000.2880,0.0007,0.0211,0.0878,264.6102,26.4086
268.7500,0.2142,28475.8657,0.0007,0.0206,0.0883,264.0434,26.4298
270.0000,0.2155,19908.9373,0.0007,0.0308,0.0995,264.7975,25.4975
271.2500,0.2236,11974.5383,0.0009,0.0407,0.1179,268.3375,23.8689
272.5000,0.2317,8517.0360,0.0011,0.0505,0.1321,271.5709,22.6851
273.7500,0.2330,7057.5822,0.0011,0.0581,0.1406,272.1277,22.1418
275.0000,0.2317,10718.8632,0.0009,0.0474,0.1224,271.5006,23.2828
276.2500,0.2330,16602.6118,0.0008,0.0373,0.1058,271.9006,24.3245
277.5000,0.2357,10639.8641,0.0010,0.0425,0.1227,273.0177,23.1211
278.7500,0.2398,9168.5923,0.0012,0.0456,0.1289,274.5259,22.6047
280.0000,0.2438,12342.7751,0.0012,0.0332,0.1167,275.9650,23.2117
281.2500,0.2411,10347.3368,0.0012,0.0375,0.1238,275.0004,22.8662
282.5000,0.2438,12222.8170,0.0010,0.0394,0.1171,275.9654,23.1879
283.7500,0.2452,14224.6194,0.0009,0.0404,0.1113,276.4497,23.5081
285.0000,0.2357,9930.7661,0.0013,0.0364,0.1255,273.0323,22.9452
286.2500,0.2249,12253.7700,0.0010,0.0364,0.1170,268.8574,23.8767
287.5000,0.2196,13479.1193,0.0012,0.0277,0.1134,266.6666,24.3351
288.7500,0.2155,8838.4750,0.0014,0.0344,0.1305,265.2917,23.3685
290.0000,0.2142,7640.4806,0.0012,0.0455,0.1370,264.8570,23.0160
291.2500,0.2128,5769.9999,0.0012,0.0602,0.1504,264.5503,22.2689
292.5000,0.2074,4342.0533,0.0015,0.0648,0.1654,262.6980,21.6243
293.7500,0.2074,8749.9379,0.0014,0.0346,0.1309,261.9884,23.6576
295.0000,0.2115,14610.2385,0.0010,0.0280,0.1104,263.2838,24.8841
296.2500,0.2074,17336.1871,0.0010,0.0251,0.1042,261.4387,25.5123
297.5000,0.2061,17838.3605,0.0009,0.0252,0.1033,260.8323,25.6492
298.7500,0.2169,11461.6162,0.0011,0.0331,0.1197,265.6669,24.0182
300.0000,0.2249,13955.1587,0.0012,0.0281,0.1121,268.8039,24.2090
301.2500,0.2330,9289.6523,0.0016,0.0318,0.1283,272.0476,22.8659
302.5000,0.2317,8198.1056,0.0016,0.0363,0.1338,271.5830,22.5845
303.7500,0.2371,10104.6589,0.0017,0.0283,0.1248,273.5263,22.9432
305.0000,0.2519,7651.3242,0.0019,0.0340,0.1369,278.7866,21.7658
306.2500,0.2640,6654.2066,0.0018,0.0446,0.1434,282.7674,21.0735
307.5000,0.2748,7348.6035,0.0014,0.0537,0.1388,286.2344,21.0308
308.7500,0.2788,14706.9786,0.0010,0.0375,0.1101,287.9213,22.5124
310.0000,0.2788,12146.7275,0.0011,0.0409,0.1174,287.8109,22.0888
311.2500,0.2896,4373.0294,0.0022,0.0610,0.1650,290.2135,19.4233
312.5000,0.2950,6392.1297,0.0018,0.0504,0.1454,292.1665,20.2085
313.7500,0.2829,4671.1462,0.0023,0.0534,0.1614,288.3335,19.7332
315.0000,0.2680,5126.0986,0.0018,0.0597,0.1565,283.9237,20.3159
316.2500,0.2680,8385.2774,0.0012,0.0515,0.1328,284.1712,21.5284
317.5000,0.2748,5890.6845,0.0016,0.0590,0.1494,286.0915,20.4942
318.7500,0.2896,32.5808,0.0535,0.3526,0.8447,276.7385,7.7144
320.0000,0.3071,17.4874,0.1361,0.3308,1.0394,271.5022,6.5945
321.2500,0.4162,37.1526,0.0961,0.2600,0.8085,279.0951,7.7308
322.5000,0.3798,41.5430,0.0621,0.3317,0.7790,280.2387,7.9845
323.7500,0.2950,21.6250,0.0475,0.6442,0.9683,274.0134,6.9635
325.0000,0.2909,5631.5660,0.0019,0.0533,0.1516,290.8681,20.0024
326.2500,0.2909,3519.6508,0.0024,0.0674,0.1774,290.3438,18.8626
327.5000,0.2627,2952.1761,0.0030,0.0596,0.1881,281.9753,19.0153
328.7500,0.2425,5172.5403,0.0020,0.0469,0.1560,275.5424,21.0226
330.0000,0.2236,3825.3126,0.0018,0.0647,0.1725,268.9657,20.7376
331.2500,0.2128,8146.2435,0.0011,0.0493,0.1341,264.2645,23.2458
332.5000,0.2101,12056.1164,0.0009,0.0370,0.1177,262.8534,24.4303
333.7500,0.2169,7018.0755,0.0015,0.0422,0.1409,265.9903,22.6797
335.0000,0.2142,3374.6856,0.0027,0.0468,0.1799,265.5745,20.6573
336.2500,0.2074,3020.5369,0.0024,0.0586,0.1866,263.1361,20.5329
337.5000,0.2142,6611.3963,0.0015,0.0447,0.1437,264.9702,22.6090
338.7500,0.2142,4231.5417,0.0018,0.0571,0.1668,265.3559,21.3236
340.0000,0.2128,2745.8244,0.0026,0.0598,0.1927,265.2893,20.0827
341.2500,0.2249,4901.8581,0.0019,0.0486,0.1588,269.3081,21.4009
342.5000,0.2276,9584.8164,0.0012,0.0398,0.1270,270.0018,23.1373
343.7500,0.2317,5002.6800,0.0018,0.0528,0.1577,271.7557,21.2496
345.0000,0.2263,2867.0628,0.0023,0.0685,0.1899,270.1177,19.8301
346.2500,0.2223,6969.3941,0.0016,0.0401,0.1412,268.0901,22.4699
347.5000,0.2303,9322.8088,0.0015,0.0337,0.1282,271.0356,22.9689
348.7500,0.2303,6564.8639,0.0015,0.0457,0.1441,271.1615,22.0349
350.0000,0.2290,5050.3143,0.0014,0.0668,0.1572,270.7764,21.3583
351.2500,0.2330,7411.4406,0.0012,0.0536,0.1384,272.1129,22.2722
352.5000,0.2276,4535.4412,0.0015,0.0660,0.1630,270.3378,21.0994
353.7500,0.2196,5438.8325,0.0014,0.0577,0.1534,267.2161,21.8689
355.0000,0.2169,6889.5767,0.0013,0.0495,0.1418,266.0036,22.6280
356.2500,0.2128,6010.1583,0.0014,0.0497,0.1484,264.5148,22.3859
357.5000,0.2128,4322.7159,0.0016,0.0631,0.1656,264.8162,21.4301
358.7500,0.2115,1622.6264,0.0025,0.1040,0.2296,265.4613,18.5264
360.0000,0.2034,2475.1059,0.0020,0.0828,0.1994,261.8595,20.0469
361.2500,0.1994,11247.2136,0.0009,0.0378,0.1204,258.2794,24.7085
362.5000,0.2007,4138.8897,0.0017,0.0592,0.1680,260.0426,21.7143
363.7500,0.2101,4202.3730,0.0016,0.0631,0.1672,263.7962,21.4362
365.0000,0.2169,5858.3210,0.0016,0.0468,0.1497,266.1234,22.1710
366.2500,0.2236,6199.1734,0.0016,0.0466,0.1469,268.6706,22.1004
367.5000,0.2317,4457.6409,0.0022,0.0483,0.1639,271.8002,20.9301
368.7500,0.2398,5588.2878,0.0017,0.0515,0.1520,274.5965,21.3082
370.0000,0.2371,3551.2904,0.0020,0.0668,0.1768,273.7565,20.1454
371.2500,0.2425,3811.4079,0.0023,0.0566,0.1727,275.5709,20.1960
372.5000,0.2573,4917.3332,0.0023,0.0455,0.1586,280.4850,20.4841
373.7500,0.2761,4472.8060,0.0025,0.0493,0.1637,286.3023,19.7796
375.0000,0.2788,3391.6019,0.0027,0.0612,0.1796,286.8636,19.0222
376.2500,0.2721,3158.0782,0.0024,0.0709,0.1839,284.8370,18.9843
377.5000,0.2600,2877.7027,0.0024,0.0756,0.1897,281.1429,19.0078
378.7500,0.2627,3037.6035,0.0026,0.0671,0.1863,281.9895,19.0908
380.0000,0.2761,4891.6406,0.0020,0.0570,0.1589,286.3700,20.0028
381.2500,0.2842,4751.4226,0.0020,0.0609,0.1605,288.7434,19.7446
382.5000,0.2923,3283.8377,0.0026,0.0695,0.1815,290.6310,18.6641
383.7500,0.3017,2817.8691,0.0027,0.0808,0.1910,292.9506,18.1077
385.0000,0.2963,1608.6771,0.0037,0.1020,0.2302,290.6340,16.8010
386.2500,0.2936,1433.4639,0.0035,0.1184,0.2393,289.7589,16.5503
387.5000,0.3031,2478.6554,0.0031,0.0799,0.1993,293.0926,17.7685
388.7500,0.3058,1716.2261,0.0035,0.1010,0.2253,293.0996,16.8138
390.0000,0.3004,1455.9036,0.0041,0.1008,0.2380,291.4552,16.4854
391.2500,0.3179,1595.2925,0.0049,0.0811,0.2309,295.8495,16.4504
392.5000,0.3219,3387.0415,0.0032,0.0597,0.1796,298.4635,18.1860
393.7500,0.3165,5935.9211,0.0024,0.0448,0.1490,298.0390,19.5739
395.0000,0.3381,8779.9778,0.0023,0.0332,0.1308,304.3027,19.9807
396.2500,0.3556,6105.8156,0.0030,0.0396,0.1476,307.9247,18.8981
397.5000,0.3731,5170.7746,0.0030,0.0486,0.1560,311.5658,18.2629
398.7500,0.3825,7638.8539,0.0024,0.0415,0.1370,314.6703,18.8915
400.0000,0.3798,1199.0548,0.0057,0.1123,0.2539,307.9011,15.0140
401.2500,0.3206,199.0502,0.0212,0.1515,0.4621,289.0491,11.4044
402.5000,0.2357,1220.8108,0.0067,0.0596,0.2524,273.6813,17.1384
403.7500,0.2182,4086.8102,0.0020,0.0530,0.1687,266.9217,21.0932
405.0000,0.2263,2499.4619,0.0036,0.0508,0.1988,270.2071,19.4323
406.2500,0.2546,2514.5092,0.0048,0.0424,0.1984,279.4414,18.7653
407.5000,0.2802,3748.9589,0.0031,0.0476,0.1737,287.3458,19.2462
408.7500,0.2936,3693.0794,0.0030,0.0529,0.1745,291.1509,18.9261
410.0000,0.3044,5420.2881,0.0025,0.0443,0.1536,294.6239,19.6180
411.2500,0.3031,5339.6607,0.0025,0.0443,0.1543,294.2325,19.6116
412.5000,0.2734,2410.3345,0.0042,0.0549,0.2012,285.0100,18.2536
413.7500,0.2559,7182.1875,0.0018,0.0401,0.1398,280.1393,21.4887
415.0000,0.2640,4157.2112,0.0025,0.0520,0.1678,282.5576,19.8802
416.2500,0.2842,2393.6457,0.0040,0.0598,0.2017,288.0203,18.0254
417.5000,0.2802,1162.6874,0.0056,0.0869,0.2566,286.0348,16.2192
418.7500,0.2734,2875.1462,0.0033,0.0580,0.1897,285.1578,18.7126
420.0000,0.2856,5805.6439,0.0024,0.0402,0.1501,289.3239,20.1993
421.2500,0.3044,3175.1492,0.0045,0.0424,0.1836,293.8486,18.3488
422.5000,0.3246,4291.5321,0.0031,0.0498,0.1660,299.5947,18.6834
423.7500,0.3260,4345.0917,0.0029,0.0516,0.1653,299.9592,18.6869
425.0000,0.3233,4499.3581,0.0027,0.0527,0.1634,299.3384,18.8160
426.2500,0.3112,2374.1750,0.0036,0.0733,0.2022,295.0716,17.5245
427.5000,0.2923,2430.4553,0.0040,0.0614,0.2007,290.2298,17.9132
428.7500,0.2815,3987.4545,0.0025,0.0554,0.1701,287.7943,19.3712
430.0000,0.2815,4376.0844,0.0025,0.0523,0.1649,287.8795,19.6025
431.2500,0.2896,6902.6091,0.0022,0.0384,0.1417,290.6751,20.5136
432.5000,0.2923,6569.1043,0.0024,0.0379,0.1440,291.4155,20.3344
433.7500,0.2802,3510.8820,0.0032,0.0496,0.1775,287.2851,19.0809
435.0000,0.2815,2309.0344,0.0035,0.0692,0.2041,287.2372,17.9842
436.2500,0.2896,2574.0324,0.0039,0.0568,0.1969,289.5815,18.1079
437.5000,0.2613,1596.4410,0.0058,0.0568,0.2308,281.2503,17.3912
438.7500,0.2519,1851.2269,0.0050,0.0551,0.2197,278.5447,17.9839
440.0000,0.2950,1011.1614,0.0106,0.0550,0.2688,289.4441,15.6381
441.2500,0.3327,2864.8268,0.0049,0.0479,0.1900,300.7430,17.6160
442.5000,0.3327,3375.3443,0.0044,0.0459,0.1798,301.1132,17.9933
443.7500,0.3341,2519.8789,0.0050,0.0539,0.1983,300.7559,17.2972
445.0000,0.3529,3540.4777,0.0042,0.0473,0.1770,305.9942,17.7735
446.2500,0.3448,4683.4589,0.0035,0.0418,0.1612,304.7628,18.5193
447.5000,0.3381,2304.0319,0.0048,0.0622,0.2043,301.4675,17.0278
448.7500,0.3704,689.2294,0.0111,0.0996,0.3054,303.5434,13.8614
450.0000,0.3839,1046.8391,0.0088,0.0851,0.2657,308.0255,14.6703
451.2500,0.4081,1225.9506,0.0126,0.0540,0.2521,313.1663,14.7750
452.5000,0.4930,1246.8284,0.0136,0.0582,0.2507,326.8735,14.0779
453.7500,0.4957,1435.1695,0.0134,0.0517,0.2392,328.2417,14.3268
455.0000,0.4337,1542.7853,0.0094,0.0604,0.2335,318.8195,15.0097
456.2500,0.3650,878.8357,0.0129,0.0657,0.2816,303.7217,14.4664
457.5000,0.3287,5232.6663,0.0027,0.0462,0.1554,300.9869,19.0545
458.7500,0.3300,7254.5906,0.0026,0.0354,0.1394,301.9006,19.7417
460.0000,0.3327,5429.0817,0.0031,0.0402,0.1535,302.0785,19.0601
461.2500,0.3489,4156.2568,0.0037,0.0458,0.1678,305.4515,18.1904
462.5000,0.3529,5819.2323,0.0032,0.0379,0.1500,307.1770,18.8444
463.7500,0.3610,3625.8976,0.0044,0.0450,0.1756,307.8940,17.7008
465.0000,0.3570,2013.9518,0.0052,0.0682,0.2136,305.2630,16.4534
466.2500,0.3327,3034.7896,0.0038,0.0575,0.1863,300.8754,17.7491
467.5000,0.3219,3026.8069,0.0036,0.0597,0.1865,298.2395,17.9227
468.7500,0.3300,3160.8860,0.0034,0.0607,0.1838,300.3154,17.8874
470.0000,0.3273,4758.5998,0.0028,0.0487,0.1604,300.4701,18.8675
471.2500,0.3071,3464.5522,0.0039,0.0457,0.1783,294.6972,18.5084
472.5000,0.2802,3943.7472,0.0028,0.0509,0.1708,287.3918,19.3733
473.7500,0.2761,3584.0211,0.0028,0.0548,0.1763,286.1259,19.2206
475.0000,0.2883,2859.4684,0.0032,0.0632,0.1901,289.3456,18.3986
476.2500,0.2923,5567.9288,0.0024,0.0447,0.1522,291.2445,19.9450
477.5000,0.2909,4867.2601,0.0025,0.0472,0.1592,290.7141,19.6534
478.7500,0.2869,3928.2901,0.0031,0.0468,0.1710,289.3303,19.2178
480.0000,0.2883,5861.9203,0.0030,0.0328,0.1496,290.1246,20.1596
481.2500,0.2802,4982.9587,0.0034,0.0328,0.1579,287.5944,19.9539
482.5000,0.2573,2621.2792,0.0039,0.0498,0.1957,280.2820,18.8178
483.7500,0.2478,1172.9735,0.0044,0.0970,0.2558,277.2833,16.7921
485.0000,0.2613,2820.4176,0.0035,0.0536,0.1909,281.5443,18.9241
486.2500,0.2654,2575.4001,0.0035,0.0587,0.1968,282.7076,18.5947
487.5000,0.2586,1810.6991,0.0041,0.0694,0.2213,280.5362,17.7861
488.7500,0.2505,2280.2650,0.0034,0.0652,0.2050,278.1715,18.5879
490.0000,0.2600,2972.1802,0.0034,0.0519,0.1876,281.1566,19.0939
491.2500,0.2680,5766.4839,0.0024,0.0388,0.1504,283.9867,20.6110
492.5000,0.2627,4313.5171,0.0029,0.0427,0.1657,282.1539,20.0084
493.7500,0.2559,2514.5271,0.0036,0.0577,0.1984,279.8553,18.7353
495.0000,0.2586,2153.8284,0.0046,0.0535,0.2089,280.6123,18.2577
496.2500,0.2613,2702.0643,0.0035,0.0553,0.1937,281.5241,18.8098
497.5000,0.2721,2964.0335,0.0035,0.0525,0.1878,284.7888,18.8200
498.7500,0.2856,4873.6297,0.0027,0.0434,0.1591,289.1605,19.7763
500.0000,0.2842,4818.2215,0.0027,0.0441,0.1597,288.7565,19.7788
501.2500,0.2896,2636.9862,0.0039,0.0575,0.1953,289.6128,18.1688
502.5000,0.3058,3183.9067,0.0037,0.0528,0.1834,294.2072,18.3304
503.7500,0.3314,2134.6562,0.0054,0.0584,0.2095,299.7133,16.9498
505.0000,0.3408,2007.2940,0.0052,0.0651,0.2139,301.7045,16.6683
506.2500,0.3341,3070.2225,0.0041,0.0526,0.1856,301.2249,17.7539
507.5000,0.3354,2221.0618,0.0046,0.0650,0.2068,300.7512,16.9825
508.7500,0.3219,1301.5260,0.0054,0.0901,0.2471,296.2615,15.8978
510.0000,0.3031,2050.5041,0.0043,0.0694,0.2124,292.7631,17.2997
511.2500,0.2896,3316.6369,0.0033,0.0526,0.1809,289.8977,18.7426
512.5000,0.2829,2508.2878,0.0036,0.0629,0.1986,287.7025,18.1709
513.7500,0.2883,2645.6417,0.0040,0.0554,0.1951,289.2495,18.2028
515.0000,0.2869,3294.6762,0.0035,0.0500,0.1813,289.1373,18.7807
516.2500,0.2829,3035.6375,0.0034,0.0557,0.1863,287.9102,18.6569
517.5000,0.2842,2399.6171,0.0039,0.0621,0.2015,288.0232,18.0318
518.7500,0.2909,2322.4502,0.0046,0.0552,0.2037,289.8063,17.8233
520.0000,0.2936,2160.5523,0.0041,0.0673,0.2087,290.4165,17.5924
521.2500,0.2923,4778.0878,0.0028,0.0436,0.1602,291.0777,19.5795
522.5000,0.2950,3141.8444,0.0038,0.0501,0.1842,291.3099,18.5021
523.7500,0.3058,2175.1710,0.0051,0.0552,0.2082,293.5515,17.4006
525.0000,0.3287,3445.4006,0.0042,0.0456,0.1786,300.1704,18.1089
526.2500,0.3421,3211.2845,0.0043,0.0503,0.1829,303.2474,17.7260
527.5000,0.3435,3349.0563,0.0039,0.0533,0.1803,303.6659,17.7991
528.7500,0.3381,4430.8075,0.0032,0.0478,0.1643,303.0109,18.5142
530.0000,0.3246,4613.6690,0.0038,0.0373,0.1621,299.7279,18.8478
531.2500,0.3219,6742.4906,0.0026,0.0364,0.1428,299.6661,19.7467
532.5000,0.3260,6034.1449,0.0026,0.0416,0.1482,300.5447,19.4216
533.7500,0.3273,4047.8828,0.0032,0.0506,0.1693,300.1622,18.5014
535.0000,0.3300,2739.7427,0.0039,0.0620,0.1928,299.9955,17.5557
536.2500,0.3394,4019.3025,0.0034,0.0499,0.1697,303.1273,18.2742
537.5000,0.3475,7424.8731,0.0023,0.0412,0.1383,306.3705,19.4508
538.7500,0.3394,4701.8960,0.0034,0.0423,0.1610,303.4650,18.6217
540.0000,0.3327,1860.8991,0.0044,0.0814,0.2193,299.6667,16.6060
541.2500,0.3502,3622.7255,0.0036,0.0538,0.1757,305.4312,17.8666
542.5000,0.3610,8580.3683,0.0025,0.0336,0.1318,309.9329,19.4945
543.7500,0.3596,7046.1913,0.0027,0.0374,0.1407,309.1975,19.1223
545.0000,0.3408,3848.5009,0.0032,0.0550,0.1722,303.3539,18.1546
546.2500,0.3381,3169.8307,0.0038,0.0576,0.1837,302.2625,17.7614
547.5000,0.3327,1390.7320,0.0065,0.0729,0.2417,298.8475,15.9137
548.7500,0.3017,1161.6861,0.0054,0.0991,0.2566,291.3234,15.8958
550.0000,0.3071,4745.2175,0.0028,0.0466,0.1605,295.1752,19.2525
551.2500,0.3206,3821.0823,0.0031,0.0537,0.1726,298.3526,18.4903
552.5000,0.3206,3280.2931,0.0038,0.0511,0.1816,298.0632,18.1347
553.7500,0.3112,3926.9021,0.0029,0.0547,0.1710,295.9623,18.7293
555.0000,0.3044,3550.9704,0.0032,0.0541,0.1768,294.0224,18.6185
556.2500,0.2923,3096.9631,0.0036,0.0533,0.1851,290.5560,18.5190
557.5000,0.2667,2506.1086,0.0042,0.0508,0.1986,283.0880,18.4941
558.7500,0.2573,2966.1710,0.0031,0.0569,0.1878,280.3253,19.1501
560.0000,0.2748,3182.9980,0.0034,0.0515,0.1834,285.6335,18.9465
561.2500,0.2775,3541.5467,0.0030,0.0530,0.1770,286.5104,19.1610
562.5000,0.2721,1910.0417,0.0037,0.0770,0.2174,284.4253,17.6680
563.7500,0.2667,1654.4625,0.0040,0.0816,0.2281,282.7977,17.3864
565.0000,0.2680,3076.9735,0.0030,0.0582,0.1855,283.6203,19.0048
566.2500,0.2640,1903.6732,0.0041,0.0683,0.2177,282.1277,17.8150
567.5000,0.2478,3067.6598,0.0029,0.0570,0.1857,277.3507,19.4648
568.7500,0.2627,4059.0357,0.0034,0.0379,0.1691,282.1267,19.8508
570.0000,0.2896,3288.1669,0.0038,0.0463,0.1814,289.8874,18.7212
571.2500,0.2990,4472.8003,0.0033,0.0413,0.1637,292.8855,19.2785
572.5000,0.3085,4903.8952,0.0035,0.0360,0.1588,295.5866,19.3019
573.7500,0.3152,4163.7029,0.0031,0.0485,0.1677,297.1166,18.7895
575.0000,0.3112,3365.4889,0.0033,0.0556,0.1800,295.7049,18.3641
576.2500,0.3112,2264.6504,0.0040,0.0689,0.2054,294.9801,17.4096
577.5000,0.3138,1448.4430,0.0061,0.0720,0.2384,294.6732,16.2724
578.7500,0.3327,2141.7374,0.0052,0.0604,0.2093,300.0345,16.9374
580.0000,0.3408,5019.5716,0.0032,0.0428,0.1576,303.9308,18.7412
581.2500,0.3273,4257.3948,0.0041,0.0380,0.1665,300.2600,18.6162
582.5000,0.3071,2844.2805,0.0047,0.0466,0.1904,294.3707,18.0330
583.7500,0.3233,821.4180,0.0143,0.0580,0.2881,295.2061,14.7593
585.0000,0.4283,482.5201,0.0286,0.0634,0.3440,310.4629,12.6305
586.2500,0.5294,753.5645,0.0188,0.0755,0.2965,327.7499,12.8734
587.5000,0.6034,1424.2195,0.0145,0.0590,0.2398,342.6323,13.5643
588.7500,0.6317,1449.2868,0.0111,0.0787,0.2384,346.1546,13.4252
590.0000,0.6169,2110.8820,0.0091,0.0644,0.2103,347.5379,14.1378
591.2500,0.6075,3023.4375,0.0071,0.0568,0.1866,348.9531,14.7877
592.5000,0.6048,2796.1792,0.0069,0.0630,0.1915,348.0613,14.6808
593.7500,0.6277,2145.3088,0.0093,0.0639,0.2092,348.9995,14.0940
595.0000,0.6721,1656.1354,0.0110,0.0739,0.2280,351.9807,13.4127
596.2500,0.7099,1451.8609,0.0130,0.0761,0.2383,354.7530,13.0080
597.5000,0.7139,1715.1860,0.0122,0.0687,0.2254,356.8335,13.2437
598.7500,0.6964,2096.2369,0.0103,0.0646,0.2108,356.8056,13.6443
600.0000,0.6897,1851.6101,0.0105,0.0707,0.2197,354.9457,13.4908
601.2500,0.6923,1423.6959,0.0108,0.0899,0.2398,352.7188,13.0660
602.5000,0.7058,1977.4626,0.0095,0.0751,0.2149,357.3115,13.5033
603.7500,0.6991,2245.0474,0.0084,0.0742,0.2060,357.7057,13.7334
605.0000,0.7220,1638.2187,0.0122,0.0731,0.2289,357.2261,13.1325
606.2500,0.7759,1645.5766,0.0142,0.0671,0.2285,362.6533,12.8798
607.5000,0.9146,354.6628,0.0564,0.0944,0.3811,350.6680,10.2159
608.7500,1.2177,232.9945,0.0740,0.1451,0.4384,355.6754,9.1327
610.0000,1.4426,227.5556,0.0692,0.1892,0.4419,363.2991,8.8227
611.2500,1.4844,319.2473,0.0629,0.1522,0.3947,374.9673,9.1230
612.5000,1.6608,129.8308,0.1365,0.1966,0.5328,349.1573,8.0655
613.7500,2.2077,133.2280,0.2080,0.1667,0.5282,361.1661,7.7410
615.0000,2.2872,63.7434,0.2161,0.3471,0.6754,322.7717,7.1593
616.2500,2.2926,96.2791,0.1510,0.3212,0.5886,346.2805,7.4563
617.5000,2.3478,81.0362,0.1580,0.3595,0.6234,337.5073,7.3089
618.7500,1.7390,43.7222,0.1527,0.5647,0.7658,295.6803,7.0545
620.0000,1.5867,872.5401,0.0227,0.1621,0.2823,404.0038,9.9741
621.2500,1.4588,323.4171,0.0429,0.2035,0.3930,374.3844,9.1689
622.5000,1.1584,304.0213,0.0413,0.1928,0.4012,360.2000,9.5374
623.7500,1.1086,1590.9549,0.0135,0.1017,0.2311,388.8689,11.6287
625.0000,1.1099,1305.7665,0.0152,0.1111,0.2468,386.0872,11.3936
626.2500,1.2406,1267.6031,0.0242,0.0813,0.2493,393.6823,11.0262
627.5000,1.4507,1315.9183,0.0266,0.0836,0.2462,405.6549,10.6115
628.7500,1.5827,1876.9683,0.0153,0.1101,0.2187,418.1813,10.6883
630.0000,1.6164,1457.7584,0.0202,0.1106,0.2379,415.3949,10.3996
631.2500,1.5585,1064.4159,0.0237,0.1258,0.2642,406.8250,10.2092
632.5000,1.4776,968.6265,0.0198,0.1523,0.2727,401.2398,10.2586
633.7500,1.4561,562.1475,0.0257,0.1992,0.3269,388.5358,9.7444
635.0000,1.4076,1485.5073,0.0201,0.0942,0.2364,405.5246,10.8190
636.2500,1.2864,1294.4418,0.0203,0.0977,0.2475,396.6500,10.9424
637.5000,1.1571,864.5803,0.0188,0.1447,0.2832,382.2829,10.7881
638.7500,1.1315,1643.7664,0.0133,0.1046,0.2286,390.8542,11.6008
640.0000,1.0884,2322.5751,0.0130,0.0734,0.2037,392.4336,12.1259
641.2500,1.0668,3202.0762,0.0087,0.0770,0.1830,394.5544,12.5605
642.5000,1.0655,3710.3402,0.0083,0.0689,0.1743,396.0111,12.7281
643.7500,1.1005,2286.6871,0.0114,0.0851,0.2048,393.1028,12.0694
645.0000,1.1153,2695.1256,0.0117,0.0706,0.1939,396.1410,12.2055
646.2500,1.0978,4151.4495,0.0092,0.0575,0.1679,399.6039,12.7322
647.5000,1.1732,1254.9774,0.0230,0.0834,0.2501,389.4906,11.1803
648.7500,1.3578,1801.9224,0.0177,0.0842,0.2217,405.9145,11.1214
650.0000,1.4305,3243.6476,0.0132,0.0667,0.1822,418.2764,11.5098
651.2500,1.4857,1759.4394,0.0189,0.0903,0.2235,412.3387,10.8207
652.5000,1.5773,1725.2319,0.0187,0.0979,0.2249,416.5189,10.6228
653.7500,1.5450,1267.8001,0.0222,0.1094,0.2493,409.5445,10.3981
655.0000,1.3928,1393.4208,0.0174,0.1154,0.2415,403.6724,10.7861
656.2500,1.3147,1236.5164,0.0166,0.1273,0.2513,397.4534,10.8305
657.5000,1.2446,837.0105,0.0198,0.1505,0.2863,386.6505,10.5560
658.7500,1.1988,876.9336,0.0192,0.1428,0.2819,384.9558,10.7088
660.0000,1.1113,840.7928,0.0201,0.1327,0.2858,379.0466,10.8642
661.2500,1.0789,1056.6958,0.0168,0.1239,0.2649,380.8004,11.2245
662.5000,1.0978,1392.7812,0.0151,0.1061,0.2416,386.2421,11.5036
663.7500,1.1220,1050.8212,0.0205,0.1067,0.2654,383.4668,11.1044
665.0000,1.3483,703.1761,0.0414,0.0920,0.3034,388.5475,10.1609
666.2500,1.6043,1549.9545,0.0336,0.0617,0.2331,415.9345,10.4765
667.5000,1.7672,2169.1794,0.0164,0.0983,0.2084,429.0207,10.4771
668.7500,1.7551,2027.2456,0.0169,0.1020,0.2132,427.3571,10.4427
670.0000,1.7484,1023.1278,0.0215,0.1601,0.2677,414.0939,9.8730
671.2500,1.7524,998.1177,0.0215,0.1658,0.2699,413.7279,9.8455
672.5000,1.8737,1333.5512,0.0208,0.1347,0.2451,424.5087,9.9149
673.7500,1.9504,4389.4966,0.0094,0.0943,0.1648,447.5859,10.6874
675.0000,1.9558,4270.8054,0.0102,0.0897,0.1663,447.4335,10.6594
676.2500,2.0232,1047.6254,0.0245,0.1604,0.2656,424.8540,9.5242
677.5000,2.3747,1238.7656,0.0415,0.0905,0.2512,440.0808,9.2468
678.7500,2.6158,1029.9184,0.0419,0.1239,0.2671,442.4792,8.8931
680.0000,3.1142,816.1001,0.0599,0.1258,0.2887,448.0781,8.3687
681.2500,3.4873,973.5399,0.0460,0.1578,0.2722,461.0125,8.2168
682.5000,3.7931,890.0629,0.0313,0.2699,0.2805,464.1161,7.9979
683.7500,3.8914,1282.7567,0.0294,0.2049,0.2483,476.6316,8.0978
685.0000,3.9103,1410.5586,0.0263,0.2100,0.2406,479.5748,8.1256
686.2500,3.6032,452.8860,0.0632,0.2516,0.3513,437.5561,7.7835
687.5000,3.1088,578.2091,0.0450,0.2449,0.3238,437.1599,8.1821
688.7500,2.9957,5870.7365,0.0086,0.1188,0.1495,487.6021,9.4557
690.0000,2.9674,4118.9959,0.0112,0.1288,0.1683,481.1441,9.3225
691.2500,2.9445,2564.6330,0.0166,0.1385,0.1971,471.8474,9.1118
692.5000,3.0334,1772.2390,0.0206,0.1663,0.2229,466.3199,8.8430
693.7500,2.9957,1352.7510,0.0246,0.1800,0.2439,459.0144,8.7309
695.0000,2.7196,484.3687,0.0499,0.2219,0.3435,422.9666,8.3317
696.2500,2.4151,863.8441,0.0248,0.2286,0.2833,432.4192,8.9616
697.5000,2.4084,5538.1558,0.0091,0.0959,0.1525,468.3841,10.1277
698.7500,2.4300,2344.8074,0.0147,0.1421,0.2031,455.0939,9.5980
700.0000,2.4003,1567.1539,0.0192,0.1606,0.2323,446.0804,9.3755
701.2500,2.2508,2382.4185,0.0180,0.1050,0.2020,449.4185,9.8280
702.5000,2.0676,2304.1765,0.0201,0.0895,0.2043,442.2139,10.0535
703.7500,1.8481,1527.7843,0.0288,0.0840,0.2342,426.1617,10.0629
705.0000,1.6366,1715.2433,0.0149,0.1291,0.2254,419.1933,10.5085
706.2500,1.5598,3665.1762,0.0089,0.0955,0.1750,426.8613,11.3152
707.5000,1.4898,8391.5034,0.0067,0.0533,0.1328,432.3413,12.1513
708.7500,1.4170,7118.5035,0.0071,0.0559,0.1402,426.4291,12.2222
710.0000,1.3389,2315.7085,0.0114,0.1008,0.2039,408.5085,11.4159
711.2500,1.3039,1257.3735,0.0168,0.1254,0.2500,397.1431,10.8720
712.5000,1.4938,1480.3278,0.0291,0.0688,0.2367,409.8528,10.6410
713.7500,1.7376,698.7312,0.0569,0.0906,0.3040,405.0636,9.5496
715.0000,2.2697,807.2533,0.0608,0.0909,0.2897,426.4431,9.0549
716.2500,2.6374,1135.1740,0.0378,0.1241,0.2586,445.5052,8.9346
717.5000,2.6576,969.8968,0.0447,0.1221,0.2725,442.0320,8.8189
718.7500,2.2360,992.9712,0.0389,0.1170,0.2704,430.6042,9.2396
720.0000,1.9545,702.7394,0.0366,0.1508,0.3034,412.9288,9.2858
721.2500,1.6258,281.2960,0.0556,0.2052,0.4117,376.0488,8.8333
722.5000,1.3025,588.1978,0.0298,0.1524,0.3220,382.5190,10.0494
723.7500,1.2190,2823.5347,0.0103,0.0835,0.1909,403.7433,11.9375
725.0000,1.1746,1250.0943,0.0135,0.1406,0.2504,389.5118,11.1725
726.2500,1.2392,789.3666,0.0223,0.1419,0.2919,385.2499,10.5014
727.5000,1.3753,1110.6724,0.0193,0.1287,0.2605,398.7901,10.5909
728.7500,1.4494,2558.2741,0.0118,0.0958,0.1973,416.1042,11.2484
730.0000,1.4426,1603.8155,0.0159,0.1130,0.2305,408.6172,10.8210
731.2500,1.3618,1107.7494,0.0192,0.1291,0.2607,398.0447,10.6155
732.5000,1.3578,2625.7299,0.0135,0.0766,0.1956,411.3276,11.4916
733.7500,1.3901,1959.2243,0.0147,0.0957,0.2156,408.9737,11.1302
735.0000,1.3941,735.6528,0.0232,0.1630,0.2988,391.6951,10.1264
736.2500,1.4089,848.7447,0.0217,0.1529,0.2849,395.3378,10.2486
737.5000,1.3726,1152.2700,0.0181,0.1308,0.2573,399.3122,10.6343
738.7500,1.4089,1475.3875,0.0222,0.0859,0.2370,405.4812,10.8094
740.0000,1.4507,3060.1696,0.0130,0.0733,0.1858,418.6359,11.4087
741.2500,1.3416,1686.6615,0.0200,0.0802,0.2266,403.9937,11.0919
742.5000,1.2621,1319.6896,0.0156,0.1220,0.2460,395.5856,11.0193
743.7500,1.1530,1176.9389,0.0187,0.1067,0.2555,387.2241,11.1580
745.0000,1.0843,2427.0114,0.0115,0.0773,0.2007,392.6773,12.1890
746.2500,1.0048,1939.9883,0.0127,0.0817,0.2163,384.0748,12.1918
747.5000,0.9321,1890.4284,0.0118,0.0830,0.2182,378.0419,12.4207
748.7500,0.8499,1658.2944,0.0122,0.0845,0.2279,369.5617,12.5691
750.0000,0.7745,492.7919,0.0196,0.1595,0.3416,346.8101,11.0791
751.2500,0.7368,736.1542,0.0155,0.1289,0.2988,349.4468,11.8318
752.5000,0.7624,1461.0687,0.0118,0.0887,0.2377,360.0768,12.7669
753.7500,0.8446,1127.3024,0.0200,0.0748,0.2592,364.4075,12.0520
755.0000,0.8850,1699.3306,0.0132,0.0785,0.2261,372.8712,12.4620
756.2500,0.8984,1858.0716,0.0153,0.0627,0.2194,375.0463,12.5276
757.5000,0.9523,2274.1577,0.0113,0.0740,0.2051,381.8107,12.5778
758.7500,0.9833,1499.1720,0.0142,0.0919,0.2357,379.1624,11.9447
760.0000,1.0251,1262.3003,0.0165,0.0992,0.2496,379.8309,11.5970
761.2500,0.9591,756.8047,0.0241,0.1079,0.2960,367.3705,11.1314
762.5000,0.8661,1933.6903,0.0121,0.0744,0.2165,372.7077,12.7111
763.7500,0.8446,1527.2273,0.0121,0.0923,0.2343,368.1375,12.4774
765.0000,0.8499,1857.0360,0.0111,0.0824,0.2195,370.8298,12.7240
766.2500,0.7597,1074.6103,0.0201,0.0710,0.2634,356.3124,12.3190
767.5000,0.6708,1692.0808,0.0111,0.0714,0.2264,352.0283,13.4542
768.7500,0.5940,1279.0580,0.0138,0.0682,0.2485,340.5412,13.4371
770.0000,0.5590,2196.6112,0.0085,0.0607,0.2075,340.2231,14.6133
771.2500,0.6102,1730.4142,0.0115,0.0617,0.2247,345.1066,13.8516
772.5000,0.6533,3222.1257,0.0084,0.0486,0.1827,355.2216,14.5667
773.7500,0.6627,5080.2264,0.0066,0.0395,0.1569,359.4624,15.1777
775.0000,0.6560,1848.7268,0.0104,0.0688,0.2198,351.1348,13.6801
776.2500,0.6075,1145.5422,0.0161,0.0668,0.2578,341.1444,13.1679
777.5000,0.5711,2249.5863,0.0086,0.0592,0.2059,342.0498,14.5638
778.7500,0.5684,875.5882,0.0134,0.0957,0.2820,333.9569,12.9196
780.0000,0.5145,538.1813,0.0185,0.1045,0.3317,322.7113,12.3230
781.2500,0.5038,1329.3508,0.0094,0.0807,0.2454,328.8929,14.1184
782.5000,0.5024,3131.7277,0.0071,0.0451,0.1844,333.9756,15.7194
783.7500,0.4890,2156.7201,0.0082,0.0553,0.2088,329.7650,15.1563
785.0000,0.5132,2301.2353,0.0091,0.0488,0.2043,333.8980,15.0641
786.2500,0.5092,1121.1533,0.0114,0.0788,0.2597,328.4028,13.7554
787.5000,0.5105,976.5107,0.0163,0.0648,0.2719,327.5074,13.4835
788.7500,0.5455,1582.8111,0.0108,0.0637,0.2315,336.0243,14.1330
790.0000,0.5065,1166.0788,0.0139,0.0622,0.2563,328.3218,13.8494
791.2500,0.4310,840.8396,0.0120,0.0870,0.2858,314.7971,13.7735
792.5000,0.4081,1488.2705,0.0084,0.0657,0.2363,314.1348,15.1889
793.7500,0.3947,1962.4497,0.0083,0.0491,0.2155,312.8496,15.9269
795.0000,0.3987,2074.7587,0.0071,0.0544,0.2115,313.8594,15.9986
796.2500,0.3974,1150.6939,0.0099,0.0695,0.2574,310.9287,14.7440
797.5000,0.3623,667.4584,0.0121,0.0917,0.3087,301.9448,13.8630
798.7500,0.3758,1243.8609,0.0084,0.0717,0.2509,307.2929,15.1394
800.0000,0.3866,1446.0440,0.0081,0.0660,0.2386,310.0039,15.3556
801.2500,0.3731,862.6281,0.0104,0.0846,0.2834,305.1299,14.3436
802.5000,0.3798,748.5434,0.0109,0.0940,0.2971,305.6258,13.9610
803.7500,0.3772,1196.5835,0.0094,0.0679,0.2541,307.3817,15.0381
805.0000,0.3691,1842.0662,0.0075,0.0541,0.2201,307.5036,16.0963
806.2500,0.3610,1407.2197,0.0088,0.0588,0.2407,304.8637,15.5869
807.5000,0.3583,894.9346,0.0112,0.0725,0.2799,302.5264,14.5774
808.7500,0.3798,762.8772,0.0119,0.0846,0.2953,305.7245,14.0034
810.0000,0.3718,723.6421,0.0110,0.0939,0.3005,304.0274,13.9593
811.2500,0.3489,1764.5347,0.0068,0.0581,0.2233,303.1010,16.2587
812.5000,0.3516,2823.3799,0.0056,0.0450,0.1909,305.0836,17.2911
813.7500,0.3529,2301.4117,0.0057,0.0538,0.2043,304.7978,16.8109
815.0000,0.3489,2496.2879,0.0056,0.0501,0.1989,304.1343,17.0530
816.2500,0.3408,2374.9903,0.0060,0.0479,0.2022,302.1656,17.0579
817.5000,0.3435,1472.2926,0.0085,0.0560,0.2371,301.3646,15.9080
818.7500,0.3570,1779.5430,0.0081,0.0505,0.2226,304.8568,16.1723
820.0000,0.3610,1734.8677,0.0077,0.0548,0.2245,305.6185,16.0629
821.2500,0.3772,1706.7127,0.0079,0.0565,0.2257,308.8519,15.8284
822.5000,0.4054,2081.8870,0.0086,0.0454,0.2113,315.1612,15.9284
823.7500,0.4283,1253.0354,0.0103,0.0672,0.2502,316.7649,14.6300
825.0000,0.4405,1138.1105,0.0106,0.0741,0.2584,318.2027,14.3229
826.2500,0.4634,1092.3285,0.0113,0.0754,0.2620,321.5362,14.0497
827.5000,0.4688,1270.4280,0.0102,0.0726,0.2491,323.3593,14.3068
828.7500,0.4701,1796.8665,0.0089,0.0589,0.2219,325.7012,14.9763
830.0000,0.5078,2140.2316,0.0091,0.0515,0.2093,332.6384,14.9772
831.2500,0.5119,1809.3490,0.0085,0.0665,0.2214,332.1789,14.6335
832.5000,0.4943,1797.1218,0.0083,0.0669,0.2219,329.5033,14.7653
833.7500,0.4782,1275.7564,0.0100,0.0752,0.2487,324.8270,14.2386
835.0000,0.4822,847.5572,0.0133,0.0869,0.2851,322.4715,13.4048
836.2500,0.5092,1193.1458,0.0113,0.0762,0.2544,328.8729,13.8734
837.5000,0.5253,1610.9419,0.0095,0.0681,0.2301,333.3401,14.3139
838.7500,0.5240,2301.2383,0.0077,0.0596,0.2043,335.5129,14.9732
840.0000,0.5226,1962.6703,0.0090,0.0600,0.2155,334.2959,14.6961
841.2500,0.5536,1243.4024,0.0123,0.0727,0.2509,335.2119,13.6426
842.5000,0.5927,1865.1940,0.0099,0.0638,0.2192,343.5070,14.0925
843.7500,0.6034,3155.3817,0.0074,0.0516,0.1839,348.7070,14.8862
845.0000,0.6210,2404.3915,0.0092,0.0565,0.2014,349.0430,14.3233
846.2500,0.6385,1926.3241,0.0094,0.0706,0.2168,349.4287,13.8515
847.5000,0.6358,1511.1752,0.0102,0.0828,0.2351,347.0036,13.4709
848.7500,0.6385,2159.1302,0.0085,0.0701,0.2087,350.3641,14.0355
850.0000,0.6506,2367.5754,0.0083,0.0671,0.2024,352.5602,14.1056
851.2500,0.6600,1393.2133,0.0104,0.0911,0.2415,349.0004,13.2020
852.5000,0.6641,1575.6421,0.0097,0.0858,0.2318,350.6157,13.3781
853.7500,0.6735,1372.6110,0.0115,0.0857,0.2428,350.3326,13.1060
855.0000,0.6627,902.7091,0.0143,0.1033,0.2791,344.7828,12.4790
856.2500,0.6358,1441.0683,0.0104,0.0849,0.2388,346.5718,13.3925
857.5000,0.6263,1993.3430,0.0091,0.0695,0.2144,348.2463,13.9830
858.7500,0.6910,518.4319,0.0296,0.0927,0.3358,340.5568,11.4509
860.0000,0.8217,947.7723,0.0160,0.1077,0.2746,360.1987,11.8888
861.2500,0.8378,1369.3920,0.0129,0.0956,0.2429,366.2559,12.3521
862.5000,0.8567,1411.5785,0.0137,0.0887,0.2405,368.2513,12.3201
863.7500,0.7799,526.2037,0.0267,0.1122,0.3342,348.2668,11.1611
865.0000,0.7031,624.8139,0.0210,0.1067,0.3156,344.2098,11.7051
866.2500,0.7247,537.5257,0.0240,0.1111,0.3318,344.0237,11.3842
867.5000,0.7233,751.1862,0.0189,0.1016,0.2968,348.4863,11.9171
868.7500,0.7301,969.0682,0.0184,0.0820,0.2726,352.2874,12.2871
870.0000,0.7786,1371.1011,0.0133,0.0848,0.2428,360.9115,12.6009
871.2500,0.7287,1265.7365,0.0142,0.0815,0.2494,355.2155,12.7056
872.5000,0.7301,1344.3216,0.0138,0.0790,0.2444,356.0026,12.7916
873.7500,0.8082,1774.8491,0.0109,0.0842,0.2228,366.5262,12.8420
875.0000,0.8082,1823.8324,0.0108,0.0825,0.2208,366.8164,12.8803
876.2500,0.7085,744.0159,0.0170,0.1136,0.2977,346.9878,11.9625
877.5000,0.6923,1443.1061,0.0129,0.0745,0.2387,352.8542,13.0873
878.7500,0.7705,1129.0208,0.0157,0.0877,0.2591,357.9013,12.3478
880.0000,0.8270,1214.7416,0.0139,0.0986,0.2528,363.8554,12.2251
881.2500,0.8890,1486.6876,0.0146,0.0819,0.2364,371.6092,12.2670
882.5000,0.9281,1924.7625,0.0120,0.0805,0.2169,377.9215,12.4591
883.7500,0.9564,1694.9305,0.0131,0.0862,0.2263,378.6639,12.1927
885.0000,0.9712,2630.2593,0.0104,0.0708,0.1954,384.9486,12.6843
886.2500,0.9483,1943.8370,0.0118,0.0829,0.2162,379.6789,12.3959
887.5000,0.9550,1153.5312,0.0151,0.1107,0.2572,373.4676,11.7002
888.7500,0.9321,1026.8225,0.0169,0.1081,0.2674,370.0946,11.6201
890.0000,0.8203,1020.1990,0.0190,0.0855,0.2680,361.0573,12.0004
891.2500,0.7651,2720.2473,0.0080,0.0701,0.1933,366.4549,13.6531
892.5000,0.7557,550.8786,0.0187,0.1450,0.3291,346.9982,11.3128
893.7500,0.6506,325.5397,0.0276,0.1511,0.3922,330.1915,10.8314
895.0000,0.6668,1317.7284,0.0157,0.0642,0.2461,349.1966,13.0758
896.2500,0.7166,1840.4399,0.0112,0.0692,0.2201,357.7948,13.3368
897.5000,0.7395,1828.3159,0.0102,0.0787,0.2206,360.1143,13.2095
898.7500,0.7503,1488.9776,0.0115,0.0870,0.2363,359.0980,12.8511
900.0000,0.7570,1406.0888,0.0119,0.0907,0.2408,359.1375,12.7344
901.2500,0.7328,956.0017,0.0148,0.1049,0.2739,352.3796,12.2545
902.5000,0.6614,1087.9366,0.0152,0.0812,0.2623,346.6614,12.7920
903.7500,0.6317,1199.8366,0.0116,0.0905,0.2539,344.3836,13.1104
905.0000,0.6627,1820.7720,0.0128,0.0567,0.2209,351.7751,13.6165
906.2500,0.7476,1443.8309,0.0179,0.0587,0.2387,358.5040,12.8176
907.5000,0.8580,2025.1106,0.0134,0.0633,0.2132,372.4940,12.8071
908.7500,0.9092,2977.7371,0.0101,0.0606,0.1875,381.0087,13.0885
910.0000,0.9052,1529.6029,0.0126,0.0940,0.2341,373.2919,12.2447
911.2500,0.8419,1450.6051,0.0129,0.0917,0.2383,367.2963,12.4166
912.5000,0.8176,2116.1915,0.0098,0.0795,0.2101,369.2488,13.0450
913.7500,0.8634,1716.0934,0.0147,0.0689,0.2253,371.1325,12.5610
915.0000,0.9658,2079.5054,0.0145,0.0640,0.2114,381.8714,12.4161
916.2500,1.0102,2871.0746,0.0106,0.0665,0.1898,389.0186,12.6411
917.5000,1.0587,1529.0387,0.0145,0.0955,0.2342,384.8987,11.7295
918.7500,1.0964,2351.6323,0.0106,0.0880,0.2029,393.1617,12.1140
920.0000,1.1166,3353.1396,0.0094,0.0708,0.1802,398.7323,12.4388
921.2500,1.1166,1220.5897,0.0160,0.1122,0.2524,385.4972,11.2958
922.5000,0.9564,561.3247,0.0247,0.1423,0.3270,362.0812,10.7390
923.7500,0.9106,1342.9041,0.0126,0.1086,0.2445,372.0848,12.0517
925.0000,0.9456,2164.4074,0.0104,0.0836,0.2086,380.7033,12.5416
926.2500,0.9793,1850.7176,0.0131,0.0813,0.2197,381.5341,12.2226
927.5000,1.0614,1365.1576,0.0159,0.0967,0.2432,383.4891,11.5847
928.7500,1.1234,1636.5113,0.0174,0.0802,0.2289,390.2560,11.6187
930.0000,1.2473,1178.7197,0.0191,0.1104,0.2554,392.8706,10.9306
931.2500,1.3187,1550.2158,0.0163,0.1045,0.2331,401.3872,11.0581
932.5000,1.2769,779.5712,0.0224,0.1453,0.2931,387.0187,10.4101
933.7500,1.1853,674.2660,0.0219,0.1592,0.3077,379.2664,10.4335
935.0000,1.0722,453.6570,0.0316,0.1526,0.3511,364.9746,10.1910
936.2500,0.8796,135.2290,0.0657,0.1965,0.5256,326.1618,8.9550
937.5000,0.6735,457.9797,0.0225,0.1335,0.3500,337.2412,11.3144
938.7500,0.6573,2539.5353,0.0083,0.0620,0.1977,353.9200,14.1729
940.0000,0.6775,1412.8510,0.0116,0.0836,0.2404,351.0554,13.1309
941.2500,0.6641,1111.5406,0.0137,0.0880,0.2604,347.1738,12.8135
942.5000,0.6506,1580.7479,0.0110,0.0750,0.2316,349.1208,13.4591
943.7500,0.6317,1412.2224,0.0117,0.0769,0.2405,345.9183,13.3822
945.0000,0.5994,2166.8165,0.0080,0.0698,0.2085,345.5180,14.2989
946.2500,0.5657,779.0068,0.0134,0.1087,0.2932,332.5015,12.7243
947.5000,0.4997,280.5278,0.0190,0.1883,0.4121,313.9791,11.1565
948.7500,0.4324,275.1766,0.0192,0.1687,0.4148,306.1916,11.4461
950.0000,0.3987,1423.9066,0.0073,0.0771,0.2398,312.2034,15.1921
951.2500,0.3812,2062.4352,0.0067,0.0556,0.2119,310.3858,16.1953
952.5000,0.4108,638.9922,0.0172,0.0759,0.3132,309.8368,13.3524
953.7500,0.5132,522.3288,0.0297,0.0675,0.3350,322.2519,12.2735
955.0000,0.7112,299.4000,0.0480,0.0993,0.4033,333.6595,10.5012
956.2500,0.8715,1077.3472,0.0182,0.0894,0.2632,366.0340,11.8903
957.5000,0.9227,1187.3884,0.0184,0.0859,0.2548,371.4076,11.8453
958.7500,0.8917,605.8066,0.0244,0.1222,0.3188,358.9630,11.0214
960.0000,0.8324,724.8438,0.0220,0.1061,0.3003,357.3063,11.4620
961.2500,0.7839,379.3031,0.0310,0.1366,0.3727,343.1752,10.6533
962.5000,0.7422,620.4641,0.0245,0.0977,0.3163,347.5845,11.5452
963.7500,0.7974,833.4235,0.0282,0.0683,0.2867,356.4120,11.7898
965.0000,0.8850,1242.4333,0.0171,0.0838,0.2509,369.0117,12.0385
966.2500,0.9119,780.2344,0.0205,0.1147,0.2930,364.4885,11.3116
967.5000,0.9537,1267.3569,0.0169,0.0899,0.2493,374.6714,11.8275
968.7500,0.9685,1622.6599,0.0153,0.0793,0.2296,379.0596,12.0949
970.0000,1.0291,759.8697,0.0223,0.1218,0.2956,372.1346,10.9459
971.2500,1.1072,965.2392,0.0203,0.1127,0.2730,381.1426,11.0408
972.5000,1.0978,1104.7749,0.0180,0.1118,0.2610,382.7267,11.2276
973.7500,1.1207,604.3637,0.0229,0.1639,0.3191,373.5089,10.4418
975.0000,1.1382,927.9395,0.0209,0.1187,0.2766,382.3876,10.9166
976.2500,1.0870,720.7054,0.0241,0.1254,0.3009,374.8369,10.7347
977.5000,0.9644,424.7500,0.0308,0.1508,0.3589,357.3366,10.3447
978.7500,0.8648,764.5856,0.0183,0.1255,0.2950,360.6311,11.4319
980.0000,0.8877,799.9572,0.0260,0.0874,0.2906,363.0615,11.4218
981.2500,0.9011,637.3076,0.0243,0.1175,0.3135,360.4751,11.0646
982.5000,0.8284,1242.2746,0.0166,0.0811,0.2510,364.2493,12.2517
983.7500,0.7597,618.0978,0.0213,0.1180,0.3167,349.0254,11.4758
985.0000,0.7557,431.3115,0.0263,0.1368,0.3571,343.1942,10.9354
986.2500,0.7934,645.7940,0.0218,0.1152,0.3121,352.4575,11.4243
987.5000,0.8055,855.4293,0.0177,0.1068,0.2842,357.4515,11.7986
988.7500,0.7799,1001.7566,0.0161,0.0974,0.2696,357.2924,12.1306
990.0000,0.7179,1200.2238,0.0140,0.0855,0.2539,353.5604,12.6738
991.2500,0.6856,698.2640,0.0179,0.1094,0.3041,344.0155,11.9561
992.5000,0.6897,628.9148,0.0207,0.1067,0.3149,343.0531,11.7696
993.7500,0.6708,723.7860,0.0177,0.1057,0.3005,343.0215,12.0785
995.0000,0.6735,602.3791,0.0177,0.1258,0.3194,340.9713,11.7652
996.2500,0.6439,545.5457,0.0199,0.1193,0.3302,336.8506,11.7236
997.5000,0.6008,844.4854,0.0146,0.0979,0.2854,337.3650,12.6773
998.7500,0.5253,446.3989,0.0256,0.0922,0.3530,322.0406,11.9124
1000.0000,0.3906,319.1981,0.0262,0.0961,0.3948,302.0106,12.0001
1001.2500,0.3058,365.9421,0.0152,0.1124,0.3772,289.0903,12.9631
1002.5000,0.2290,243.8624,0.0214,0.0933,0.4318,273.1448,12.6875
1003.7500,0.1953,298.7579,0.0110,0.1239,0.4036,264.3785,13.6918
1005.0000,0.1980,50.1532,0.0356,0.2491,0.7315,273.7181,8.9064
1006.2500,0.1899,50.9629,0.0347,0.2428,0.7277,273.0194,8.9839
1007.5000,0.1886,158.5252,0.0245,0.1068,0.4985,265.5498,11.9457
1008.7500,0.2209,105.7599,0.0390,0.1196,0.5705,273.1423,10.5766
1010.0000,0.2775,45.1242,0.0599,0.2235,0.7578,278.0052,8.3804
1011.2500,0.3179,62.8656,0.0434,0.2416,0.6785,281.9224,8.9243
1012.5000,0.3098,240.6134,0.0214,0.1206,0.4337,288.2518,11.9215
1013.7500,0.2936,221.5078,0.0236,0.1138,0.4459,285.3160,11.8475
1015.0000,0.3031,286.2042,0.0216,0.0998,0.4094,287.7721,12.3895
1016.2500,0.2869,377.1933,0.0190,0.0822,0.3734,285.5469,13.2197
1017.5000,0.2680,363.7523,0.0168,0.0901,0.3779,281.6081,13.3236
1018.7500,0.2936,503.6544,0.0180,0.0654,0.3391,287.6126,13.8791
1020.0000,0.3031,363.4686,0.0202,0.0852,0.3780,288.5662,12.9714
1021.2500,0.3287,310.7545,0.0223,0.0969,0.3983,292.4480,12.3781
1022.5000,0.3421,496.2073,0.0185,0.0756,0.3408,296.9279,13.3611
1023.7500,0.3260,399.5836,0.0238,0.0717,0.3663,293.0954,12.9936
1025.0000,0.3421,366.3086,0.0308,0.0644,0.3770,295.4760,12.6541
1026.2500,0.4216,307.8236,0.0388,0.0712,0.3996,305.8675,11.7359
1027.5000,0.4997,410.5630,0.0311,0.0784,0.3630,318.2007,11.8846
1028.7500,0.5442,420.7851,0.0272,0.0965,0.3600,323.4704,11.7103
1030.0000,0.5779,364.0482,0.0303,0.1060,0.3778,325.1608,11.2988
1031.2500,0.5846,395.7708,0.0292,0.1031,0.3674,326.9065,11.4188
1032.5000,0.5994,474.6045,0.0269,0.0952,0.3459,330.6876,11.6751
1033.7500,0.6088,442.5710,0.0265,0.1054,0.3540,330.7377,11.5127
1035.0000,0.6223,565.7730,0.0229,0.0975,0.3262,335.1718,11.8788
1036.2500,0.6156,717.0088,0.0210,0.0820,0.3014,337.2402,12.3182
1037.5000,0.5428,310.9156,0.0305,0.1135,0.3982,319.6588,11.1609
1038.7500,0.5226,204.1712,0.0370,0.1402,0.4582,312.1276,10.4720
1040.0000,0.6021,458.9176,0.0290,0.0911,0.3498,330.5365,11.6045
1041.2500,0.6115,745.2180,0.0231,0.0718,0.2976,337.2311,12.4048
1042.5000,0.5509,484.5081,0.0267,0.0867,0.3435,325.8100,11.9369
1043.7500,0.5859,270.7090,0.0383,0.1155,0.4170,321.8230,10.7448
1045.0000,0.6425,254.9713,0.0396,0.1292,0.4254,325.6322,10.4512
1046.2500,0.6614,229.2795,0.0428,0.1371,0.4408,325.2676,10.2191
1047.5000,0.6843,603.8153,0.0247,0.0924,0.3192,342.0149,11.7252
1048.7500,0.7301,298.3152,0.0426,0.1175,0.4038,334.9982,10.4402
1050.0000,0.8203,177.6271,0.0506,0.1834,0.4799,330.1221,9.4439
1051.2500,0.7934,161.5148,0.0501,0.2005,0.4954,326.4484,9.3600
1052.5000,0.8190,494.3420,0.0281,0.1198,0.3412,350.2714,10.9449
1053.7500,0.8863,416.0216,0.0320,0.1345,0.3614,351.9662,10.5082
1055.0000,0.8850,349.1080,0.0370,0.1381,0.3831,348.5018,10.2645
1056.2500,0.8675,534.8325,0.0261,0.1248,0.3324,355.1378,10.9157
1057.5000,0.8419,276.9830,0.0388,0.1586,0.4139,341.1215,10.0376
1058.7500,0.7260,205.8945,0.0449,0.1613,0.4569,327.7334,9.8744
1060.0000,0.7072,641.3371,0.0228,0.0973,0.3128,344.9278,11.7310
1061.2500,0.7489,364.8662,0.0313,0.1336,0.3775,339.9009,10.6977
1062.5000,0.7839,388.4743,0.0334,0.1232,0.3697,343.5905,10.6894
1063.7500,0.8217,523.5142,0.0303,0.1058,0.3347,351.4162,11.0211
1065.0000,0.8446,551.8730,0.0288,0.1075,0.3289,353.9904,11.0284
1066.2500,0.9106,408.0915,0.0352,0.1278,0.3637,353.1811,10.4200
1067.5000,0.9806,462.4151,0.0345,0.1246,0.3489,359.9965,10.4200
1068.7500,1.0102,521.5137,0.0338,0.1150,0.3352,364.1360,10.5079
1070.0000,0.9388,344.2634,0.0496,0.1086,0.3849,351.5242,10.1195
1071.2500,0.7772,271.4002,0.0377,0.1542,0.4167,336.5469,10.1666
1072.5000,0.8041,379.7794,0.0375,0.1148,0.3725,344.6562,10.5975
1073.7500,0.7920,269.2529,0.0423,0.1419,0.4178,337.3721,10.1171
1075.0000,0.6681,222.0764,0.0344,0.1763,0.4455,325.1938,10.1478
1076.2500,0.6654,369.4532,0.0248,0.1426,0.3760,333.3827,10.9897
1077.5000,0.6371,394.2358,0.0281,0.1156,0.3679,331.8386,11.2016
1078.7500,0.6075,345.0558,0.0253,0.1395,0.3846,327.2501,11.0866
1080.0000,0.5981,308.1795,0.0282,0.1400,0.3994,324.7860,10.9262
1081.2500,0.5523,206.2952,0.0327,0.1661,0.4566,314.8724,10.3850
1082.5000,0.4755,184.4396,0.0323,0.1635,0.4739,306.4263,10.4620
1083.7500,0.4283,260.3022,0.0249,0.1348,0.4225,305.1798,11.3542
1085.0000,0.4014,161.0566,0.0325,0.1581,0.4959,297.4949,10.5072
1086.2500,0.4095,124.5373,0.0401,0.1722,0.5402,295.5979,9.9594
1087.5000,0.4256,204.2510,0.0315,0.1360,0.4581,302.4914,10.8761
1088.7500,0.4566,329.2034,0.0364,0.0798,0.3907,310.8448,11.6788
1090.0000,0.5361,353.1013,0.0297,0.1028,0.3817,320.5433,11.4241
1091.2500,0.5199,368.8932,0.0272,0.1053,0.3762,319.3232,11.5805
1092.5000,0.5132,455.8289,0.0229,0.1008,0.3505,320.8651,12.0143
1093.7500,0.5240,381.1944,0.0257,0.1099,0.3721,320.1387,11.6228
1095.0000,0.5779,566.2922,0.0232,0.0885,0.3261,330.5168,12.0876
1096.2500,0.6425,658.8952,0.0247,0.0803,0.3100,339.0629,12.0478
1097.5000,0.7260,403.5646,0.0333,0.1089,0.3651,339.7757,10.9271
1098.7500,0.7422,270.4242,0.0347,0.1613,0.4172,334.0828,10.2537
1100.0000,0.7880,302.1828,0.0377,0.1392,0.4020,339.3309,10.3000
1101.2500,0.8324,570.3541,0.0250,0.1183,0.3253,353.6156,11.1133
1102.5000,0.8284,765.9126,0.0216,0.1013,0.2949,357.7892,11.5557
1103.7500,0.8728,373.7266,0.0329,0.1451,0.3745,349.0493,10.3909
1105.0000,0.9388,589.6394,0.0257,0.1241,0.3217,361.7835,10.8519
1106.2500,0.8836,583.6933,0.0312,0.0962,0.3228,357.7655,10.9927
1107.5000,0.7759,410.9617,0.0328,0.1160,0.3629,343.9493,10.7987
1108.7500,0.7152,401.9772,0.0280,0.1281,0.3655,338.8427,10.9563
1110.0000,0.6358,223.8176,0.0378,0.1516,0.4443,322.9217,10.2553
1111.2500,0.6277,140.5563,0.0464,0.1958,0.5189,313.8367,9.5117
1112.5000,0.6358,149.2894,0.0452,0.1922,0.5086,315.5313,9.5896
1113.7500,0.6237,263.1452,0.0324,0.1473,0.4210,324.6171,10.5652
1115.0000,0.6614,427.2497,0.0268,0.1164,0.3582,335.1675,11.2450
1116.2500,0.6587,219.1184,0.0360,0.1692,0.4475,324.2662,10.1529
1117.5000,0.5603,215.9202,0.0395,0.1388,0.4497,316.2448,10.4378
1118.7500,0.6008,327.0435,0.0330,0.1124,0.3916,325.8766,11.0193
1120.0000,0.6762,347.8044,0.0297,0.1302,0.3836,333.3603,10.8535
1121.2500,0.7179,328.7888,0.0360,0.1205,0.3909,335.7735,10.6291
1122.5000,0.7314,677.5662,0.0230,0.0948,0.3072,347.8544,11.7233
1123.7500,0.7651,493.7362,0.0311,0.1019,0.3413,346.0918,11.1127
1125.0000,0.8473,843.4627,0.0223,0.0908,0.2855,360.6898,11.6300
1126.2500,0.9496,525.3433,0.0352,0.1030,0.3343,360.4417,10.6672
1127.5000,1.0533,995.1797,0.0226,0.0939,0.2702,378.1681,11.2203
1128.7500,1.0574,780.2450,0.0257,0.1057,0.2930,374.4007,10.9065
1130.0000,1.0749,412.0503,0.0318,0.1652,0.3625,363.0805,10.0645
1131.2500,1.0560,537.8896,0.0300,0.1315,0.3317,367.4856,10.4413
1132.5000,0.9644,1021.6790,0.0207,0.0921,0.2679,372.4096,11.5117
1133.7500,0.8984,1164.6467,0.0185,0.0835,0.2564,369.2422,11.9026
1135.0000,0.8661,401.8969,0.0311,0.1394,0.3656,349.9744,10.5118
1136.2500,0.7920,256.1133,0.0432,0.1494,0.4248,336.3764,10.0426
1137.5000,0.7489,349.6358,0.0298,0.1471,0.3829,339.1717,10.6318
1138.7500,0.7570,407.4663,0.0310,0.1216,0.3639,342.3687,10.8435
1140.0000,0.7530,369.9644,0.0333,0.1236,0.3758,340.4424,10.7070
1141.2500,0.7422,345.8605,0.0289,0.1504,0.3843,338.4794,10.6350
1142.5000,0.7462,202.8377,0.0362,0.2069,0.4592,328.7197,9.8023
1143.7500,0.7274,185.3368,0.0414,0.1950,0.4732,325.6786,9.7090
1145.0000,0.6627,288.0331,0.0345,0.1369,0.4085,329.2443,10.5886
1146.2500,0.6250,386.4345,0.0226,0.1444,0.3704,330.4484,11.2140
1147.5000,0.6331,587.8723,0.0206,0.1048,0.3220,336.7269,11.8966
1148.7500,0.6344,605.6483,0.0226,0.0946,0.3189,337.2271,11.9413
1150.0000,0.6142,443.8780,0.0276,0.1023,0.3537,331.3012,11.4954
1151.2500,0.6223,433.5930,0.0300,0.0971,0.3564,331.7685,11.4218
1152.5000,0.7341,366.5793,0.0390,0.1025,0.3770,338.8454,10.7504
1153.7500,0.7974,239.9938,0.0438,0.1536,0.4341,335.3959,9.9331
1155.0000,0.8702,277.5955,0.0458,0.1375,0.4136,342.8976,9.9754
1156.2500,0.8823,440.0565,0.0336,0.1214,0.3547,352.7355,10.5980
1157.5000,0.7476,197.2214,0.0516,0.1501,0.4635,328.2225,9.7564
1158.7500,0.6708,389.4563,0.0238,0.1464,0.3694,334.6382,11.0576
1160.0000,0.6735,216.0825,0.0332,0.1918,0.4496,325.0850,10.0885
1161.2500,0.6412,169.6505,0.0421,0.1830,0.4873,318.3398,9.7838
1162.5000,0.6668,280.2906,0.0305,0.1538,0.4122,329.1160,10.5311
1163.7500,0.6668,384.6957,0.0250,0.1402,0.3709,334.1061,11.0517
1165.0000,0.6641,270.9676,0.0283,0.1727,0.4169,328.3406,10.4841
1166.2500,0.6721,312.9678,0.0312,0.1373,0.3974,331.3513,10.6943
1167.5000,0.6600,328.2036,0.0311,0.1316,0.3911,331.1096,10.8127
1168.7500,0.6587,175.9041,0.0430,0.1821,0.4815,320.2078,9.7967
1170.0000,0.7220,179.3111,0.0448,0.1838,0.4784,324.6589,9.6709
1171.2500,0.7597,215.1599,0.0382,0.1880,0.4502,330.7792,9.8596
1172.5000,0.7974,273.3120,0.0319,0.1814,0.4157,338.0199,10.1259
1173.7500,0.8082,705.0381,0.0204,0.1108,0.3031,354.9512,11.5039
1175.0000,0.7530,411.7890,0.0260,0.1419,0.3626,342.2294,10.8724
1176.2500,0.7220,287.9595,0.0310,0.1621,0.4085,333.7778,10.4082
1177.5000,0.7408,279.4802,0.0320,0.1659,0.4126,334.5972,10.3084
1178.7500,0.8055,381.8994,0.0318,0.1325,0.3718,344.8514,10.6020
1180.0000,0.8473,259.4698,0.0366,0.1787,0.4230,340.0901,9.9311
1181.2500,0.7893,248.8067,0.0362,0.1806,0.4289,335.6207,10.0061
1182.5000,0.7732,592.7097,0.0208,0.1265,0.3212,349.5331,11.3644
1183.7500,0.7637,582.1869,0.0200,0.1325,0.3231,348.4891,11.3697
1185.0000,0.7610,334.5826,0.0313,0.1472,0.3886,339.2976,10.5286
1186.2500,0.8109,276.2148,0.0355,0.1669,0.4142,339.1040,10.1081
1187.5000,0.8580,154.0872,0.0480,0.2370,0.5032,328.5882,9.1715
1188.7500,0.8850,163.8333,0.0447,0.2441,0.4930,331.4512,9.2088
1190.0000,0.8917,707.3396,0.0217,0.1173,0.3028,361.4680,11.2378
1191.2500,0.9698,594.1423,0.0280,0.1188,0.3209,363.9803,10.7800
1192.5000,0.9833,304.1272,0.0375,0.1746,0.4012,351.3804,9.8583
1193.7500,0.9294,266.6715,0.0362,0.1898,0.4191,345.4506,9.7917
1195.0000,0.9388,323.2238,0.0329,0.1748,0.3931,350.1969,10.0337
1196.2500,0.9523,345.7142,0.0299,0.1842,0.3844,352.4081,10.0952
1197.5000,0.9267,506.1217,0.0253,0.1450,0.3385,358.2573,10.6758
1198.7500,0.9806,560.1738,0.0304,0.1160,0.3273,363.6172,10.6742
1200.0000,1.0628,602.5788,0.0285,0.1245,0.3194,370.0668,10.5691
1201.2500,1.1005,622.9557,0.0274,0.1300,0.3159,372.9301,10.5238
1202.5000,1.1086,689.8397,0.0243,0.1327,0.3053,375.3261,10.6303
1203.7500,1.0156,697.0252,0.0273,0.1073,0.3043,369.7733,10.8703
1205.0000,0.9321,439.7825,0.0260,0.1643,0.3548,355.9932,10.4696
1206.2500,0.9254,233.5294,0.0335,0.2338,0.4381,342.1815,9.6190
1207.5000,0.8971,284.9403,0.0310,0.2034,0.4100,345.0563,9.9519
1208.7500,0.9092,332.9220,0.0330,0.1671,0.3893,349.0486,10.1409
1210.0000,1.0156,250.2554,0.0445,0.1829,0.4281,348.4941,9.5414
1211.2500,1.0331,176.5867,0.0475,0.2466,0.4809,340.1833,9.0659
1212.5000,1.0843,220.1524,0.0571,0.1736,0.4468,348.4472,9.2632
1213.7500,1.1800,244.6388,0.0406,0.2419,0.4314,355.4658,9.2444
1215.0000,1.1692,310.2619,0.0381,0.2008,0.3985,361.2104,9.5439
1216.2500,1.1059,307.8388,0.0356,0.2009,0.3995,358.0036,9.6424
1217.5000,0.9873,165.5964,0.0470,0.2505,0.4913,336.4253,9.0539
1218.7500,0.7880,110.9749,0.0602,0.2456,0.5614,316.8450,8.8287
1220.0000,0.8607,155.2466,0.0591,0.1859,0.5020,328.9089,9.1771
1221.2500,1.0035,618.4041,0.0319,0.1035,0.3167,366.8755,10.7463
1222.5000,1.1032,605.9301,0.0315,0.1175,0.3188,372.5540,10.4837
1223.7500,1.3025,765.7185,0.0336,0.1001,0.2949,387.9925,10.3396
1225.0000,1.4318,586.0476,0.0296,0.1667,0.3224,388.4418,9.8256
1226.2500,1.5841,300.7740,0.0456,0.2280,0.4027,376.7313,8.9445
1227.5000,1.8036,221.3706,0.0672,0.2453,0.4460,373.2434,8.4396
1228.7500,1.9423,389.7676,0.0398,0.2511,0.3693,396.0240,8.8058
1230.0000,1.9006,235.0726,0.0501,0.3241,0.4371,377.9704,8.4105
1231.2500,1.7659,201.5255,0.0581,0.3098,0.4602,368.8320,8.3871
1232.5000,1.6123,466.4272,0.0342,0.2017,0.3479,390.1630,9.3374
1233.7500,1.5463,384.5430,0.0298,0.2669,0.3710,382.4909,9.2328
1235.0000,1.5436,245.9012,0.0392,0.3149,0.4306,369.1205,8.7898
1236.2500,1.4803,276.8382,0.0355,0.3010,0.4139,370.6412,8.9817
1237.5000,1.3537,159.5112,0.0596,0.2798,0.4974,348.7058,8.5438
1238.7500,1.0372,116.3127,0.0635,0.2910,0.5527,327.8342,8.5377
1240.0000,1.0089,253.7666,0.0366,0.2220,0.4261,348.4967,9.5717
1241.2500,1.0493,379.5700,0.0297,0.1904,0.3726,359.9013,10.0125
1242.5000,1.1274,377.7129,0.0320,0.1862,0.3732,363.9058,9.8546
1243.7500,1.0870,145.3438,0.0610,0.2404,0.5131,336.6247,8.7482
1245.0000,0.8957,175.5852,0.0439,0.2312,0.4818,333.7312,9.2847
1246.2500,0.8594,34.0873,0.1594,0.3278,0.8320,278.8032,7.1945
1247.5000,0.7974,28.2207,0.1903,0.3224,0.8861,270.9720,7.0005
1248.7500,1.0277,49.4685,0.2931,0.1568,0.7349,295.9326,7.5233
1250.0000,1.0291,36.4202,0.3077,0.2046,0.8139,282.2533,7.1760
1251.2500,0.6479,31.0230,0.1966,0.2201,0.8586,275.2169,7.2144
1252.5000,0.6412,113.2548,0.1392,0.0835,0.5576,310.1806,9.1343
1253.7500,0.7557,133.2089,0.0837,0.1427,0.5282,319.9111,9.1512
1255.0000,0.7072,155.5917,0.0907,0.1031,0.5016,320.7705,9.4862
1256.2500,0.6897,59.6759,0.1579,0.1546,0.6904,296.1385,8.0855
1257.5000,0.9375,21.2436,0.4527,0.2217,0.9741,255.9161,6.6214
1258.7500,1.3402,47.5805,0.3130,0.1885,0.7445,297.5284,7.2972
1260.0000,1.3443,37.6609,0.3307,0.2216,0.8048,285.1466,7.0666
1261.2500,0.9173,11.9857,0.4530,0.3859,1.1788,223.5970,6.0303
1262.5000,0.6452,49.0979,0.1631,0.1748,0.7368,289.4619,7.8598
1263.7500,0.6762,20.4867,0.2514,0.2973,0.9859,259.5417,6.6595
1265.0000,1.3578,53.3499,0.5186,0.1015,0.7166,303.4567,7.4017
1266.2500,1.8696,141.6821,0.2590,0.1017,0.5175,357.4057,7.9957
1267.5000,1.9114,77.3843,0.2974,0.1629,0.6331,329.5674,7.4596
1268.7500,1.9612,28.1765,0.5159,0.2701,0.8866,266.4620,6.6501
1270.0000,1.1274,8.7297,0.8141,0.4161,1.3102,191.0375,5.7592
1271.2500,0.9335,12.4893,0.4218,0.4128,1.1628,225.4881,6.0715
1272.5000,0.7974,5.4606,0.5097,0.7339,1.5320,178.9085,5.2538
1273.7500,0.4418,26.1707,0.3170,0.1360,0.9087,272.2535,7.1357
1275.0000,0.3287,211.9017,0.0188,0.1715,0.4525,290.5419,11.4941
1276.2500,0.3435,120.9908,0.0257,0.2207,0.5455,288.8792,10.1788
1277.5000,0.2829,168.8586,0.0287,0.1264,0.4881,282.7879,11.2769
1278.7500,0.2654,259.5119,0.0202,0.1051,0.4230,280.6199,12.4811
1280.0000,0.2869,143.7055,0.0382,0.1107,0.5151,282.8987,10.8693
1281.2500,0.3462,94.3149,0.0524,0.1481,0.5927,287.2066,9.6475
1282.5000,0.3852,125.1792,0.0492,0.1317,0.5393,293.3886,10.0662
1283.7500,0.4459,101.3895,0.0572,0.1611,0.5786,295.9847,9.4416
1285.0000,0.5873,225.6232,0.0471,0.1106,0.4431,319.1882,10.4231
1286.2500,0.7489,194.8023,0.0723,0.1122,0.4654,328.0481,9.7345
1287.5000,0.8634,195.2131,0.0437,0.2083,0.4651,334.6544,9.4926
1288.7500,0.8068,329.0233,0.0338,0.1498,0.3908,342.2210,10.3770
1290.0000,0.8351,113.5260,0.1022,0.1591,0.5572,319.4749,8.7849
1291.2500,1.1261,138.7174,0.0891,0.1799,0.5212,336.5649,8.6427
1292.5000,1.1571,100.0630,0.0923,0.2538,0.5811,326.3843,8.2260
1293.7500,1.2109,93.6791,0.0922,0.2781,0.5940,325.3502,8.1003
1295.0000,1.2015,228.8135,0.0487,0.2121,0.4411,354.5057,9.1345
1296.2500,1.1045,207.1000,0.0410,0.2598,0.4560,347.6661,9.1567
1297.5000,1.1517,302.9847,0.0375,0.2018,0.4017,359.8005,9.5445
1298.7500,1.2379,808.2494,0.0237,0.1291,0.2896,385.6255,10.5309
1300.0000,1.3187,203.5662,0.0504,0.2633,0.4586,355.5023,8.8485
1301.2500,1.4345,168.6393,0.0537,0.3286,0.4883,353.1066,8.5196
1302.5000,1.4709,315.4966,0.0384,0.2474,0.3963,374.1315,9.1278
1303.7500,1.4467,275.4754,0.0373,0.2814,0.4146,369.2910,9.0172
1305.0000,1.5019,368.9391,0.0400,0.2045,0.3761,379.6823,9.2484
1306.2500,1.5908,492.4743,0.0264,0.2455,0.3416,390.7636,9.4183
1307.5000,1.6298,305.6733,0.0336,0.3183,0.4005,378.7571,8.9090
1308.7500,1.6959,164.2465,0.0469,0.4390,0.4926,359.3451,8.2574
1310.0000,1.6918,323.5038,0.0331,0.3190,0.3930,382.5220,8.8955
1311.2500,1.6743,714.6245,0.0222,0.2124,0.3018,403.1552,9.6567
1312.5000,1.7511,581.3559,0.0264,0.2282,0.3232,400.9993,9.3666
1313.7500,1.8144,551.9850,0.0251,0.2662,0.3289,401.8835,9.2435
1315.0000,1.8063,239.8114,0.0402,0.3807,0.4342,376.1514,8.5089
1316.2500,1.8615,226.7648,0.0379,0.4284,0.4424,375.6487,8.4118
1317.5000,1.7834,491.2268,0.0288,0.2537,0.3419,397.6757,9.1762
1318.7500,1.6905,403.4390,0.0280,0.2993,0.3651,388.9917,9.1039
1320.0000,1.7093,573.5275,0.0316,0.1869,0.3247,399.1275,9.4071
1321.2500,1.6972,725.7605,0.0230,0.2018,0.3002,404.4137,9.6389
1322.5000,1.6608,583.3890,0.0286,0.1971,0.3229,397.7364,9.4864
1323.7500,1.6945,278.3112,0.0349,0.3445,0.4132,377.8821,8.7516
1325.0000,1.7188,306.8189,0.0309,0.3596,0.4000,381.7400,8.8177
1326.2500,1.7134,607.1628,0.0222,0.2538,0.3186,400.7136,9.4541
1327.5000,1.6959,1532.3145,0.0140,0.1601,0.2340,419.8475,10.3071
1328.7500,1.7659,707.1749,0.0228,0.2228,0.3028,406.4137,9.5230
1330.0000,1.8252,994.8366,0.0186,0.1999,0.2702,416.4931,9.7398
1331.2500,1.7241,431.3305,0.0249,0.3205,0.3571,392.0388,9.1268
1332.5000,1.5935,559.4606,0.0232,0.2469,0.3274,394.0861,9.5382
1333.7500,1.5665,307.1004,0.0319,0.3197,0.3999,376.7591,8.9850
1335.0000,1.6420,281.9343,0.0345,0.3357,0.4114,376.6405,8.8183
1336.2500,1.7672,496.8735,0.0292,0.2452,0.3406,397.4306,9.2054
1337.5000,1.9100,243.0587,0.0391,0.4009,0.4323,379.4177,8.4315
1338.7500,1.9976,277.6240,0.0365,0.3862,0.4135,386.4194,8.4711
1340.0000,2.0811,377.8446,0.0384,0.2887,0.3732,399.0120,8.6516
1341.2500,2.2629,467.0952,0.0268,0.3575,0.3477,410.6565,8.6579
1342.5000,2.2548,1381.9891,0.0165,0.1962,0.2422,438.7643,9.4535
1343.7500,2.2441,789.5425,0.0195,0.2894,0.2919,425.1031,9.0644
1345.0000,2.2643,569.2105,0.0220,0.3599,0.3255,416.6573,8.8038
1346.2500,2.1026,325.9501,0.0393,0.3295,0.3920,394.7043,8.5147
1347.5000,2.1862,221.4381,0.0651,0.3065,0.4459,382.5732,8.1464
1348.7500,2.4313,429.6590,0.0421,0.2731,0.3575,412.2618,8.4609
1350.0000,2.2777,171.3136,0.0650,0.4142,0.4857,373.8205,7.8921
1351.2500,2.1969,640.1320,0.0268,0.2575,0.3130,418.0692,8.9550
1352.5000,2.2912,796.0365,0.0224,0.2557,0.2911,426.7135,9.0234
1353.7500,2.4286,410.3586,0.0388,0.3071,0.3630,410.6648,8.4304
1355.0000,2.4784,409.0150,0.0376,0.3204,0.3634,411.7417,8.3910
1356.2500,2.2144,264.4907,0.0461,0.3613,0.4203,390.0236,8.2640
1357.5000,2.1457,269.1523,0.0451,0.3478,0.4178,389.0395,8.3284
1358.7500,2.2333,167.3827,0.0496,0.5200,0.4895,371.9523,7.9007
1360.0000,2.1175,195.3900,0.0477,0.4504,0.4649,376.0715,8.0947
1361.2500,1.8683,270.0949,0.0352,0.4024,0.4174,381.9793,8.5591
1362.5000,1.7969,500.2176,0.0231,0.3121,0.3399,398.6317,9.1768
1363.7500,1.8265,368.6624,0.0285,0.3509,0.3762,390.7938,8.8732
1365.0000,1.8831,513.2565,0.0234,0.3160,0.3369,402.2200,9.1020
1366.2500,1.9801,396.0030,0.0316,0.3178,0.3674,397.6267,8.7828
1367.5000,2.0272,540.2860,0.0270,0.2788,0.3312,408.2273,8.9918
1368.7500,2.1700,406.2016,0.0399,0.2678,0.3643,403.7536,8.6312
1370.0000,2.3828,334.5553,0.0344,0.4170,0.3886,402.5142,8.3179
1371.2500,2.2683,255.8651,0.0438,0.4112,0.4250,390.0056,8.2006
1372.5000,2.1390,134.5175,0.0496,0.6516,0.5265,360.3936,7.7864
1373.7500,2.1471,73.0569,0.0661,0.9027,0.6453,329.3457,7.3114
1375.0000,2.1457,184.2212,0.0412,0.5680,0.4741,374.2662,8.0294
1376.2500,2.2131,376.8801,0.0287,0.4078,0.3735,402.4488,8.5372
1377.5000,2.2360,788.2071,0.0198,0.2853,0.2921,424.8169,9.0713
1378.7500,2.3963,256.3986,0.0615,0.3116,0.4247,392.8851,8.1161
1380.0000,2.4771,201.1773,0.0474,0.5291,0.4604,384.5703,7.8939
1381.2500,2.3640,914.3779,0.0226,0.2263,0.2780,432.4174,9.0499
1382.5000,2.3343,421.3406,0.0268,0.4103,0.3599,409.2164,8.5226
1383.7500,2.3855,119.5559,0.0516,0.7781,0.5476,358.8023,7.5712
1385.0000,2.4555,200.2269,0.0448,0.5508,0.4611,383.9595,7.9028
1386.2500,2.5593,483.4732,0.0292,0.3612,0.3437,419.2098,8.4457
1387.5000,2.6630,543.4421,0.0268,0.3626,0.3306,425.4185,8.4460
1388.7500,2.5593,343.9952,0.0316,0.4728,0.3850,407.4894,8.2150
1390.0000,2.3343,448.2027,0.0318,0.3337,0.3525,411.2171,8.5678
1391.2500,2.2777,376.3716,0.0265,0.4659,0.3737,404.0512,8.4840
1392.5000,2.3357,148.0180,0.0451,0.6873,0.5100,368.3016,7.7511
1393.7500,2.4084,115.2912,0.0561,0.7314,0.5543,357.3033,7.5347
1395.0000,2.4151,403.9415,0.0289,0.4173,0.3650,409.8101,8.4294
1396.2500,2.3990,1522.0415,0.0169,0.1868,0.2345,445.4116,9.3578
1397.5000,2.4852,429.3224,0.0268,0.4307,0.3576,413.5322,8.4197
1398.7500,2.4286,400.4847,0.0284,0.4298,0.3660,409.8436,8.4131
1400.0000,2.3411,3127.0747,0.0088,0.1705,0.1845,457.2645,9.8845
1401.2500,2.4044,809.3862,0.0246,0.2465,0.2895,430.3975,8.9269
1402.5000,2.3963,311.7345,0.0425,0.3618,0.3979,400.2721,8.2573
1403.7500,2.2548,673.2901,0.0185,0.3625,0.3078,421.1517,8.9367
1405.0000,2.3316,755.7271,0.0189,0.3301,0.2962,426.5024,8.9472
1406.2500,2.5350,367.0067,0.0334,0.4161,0.3768,409.2819,8.2757
1407.5000,2.5673,790.3573,0.0280,0.2336,0.2918,434.1630,8.7656
1408.7500,2.5256,606.0387,0.0217,0.3871,0.3188,425.4416,8.6241
1410.0000,2.4286,187.3493,0.0562,0.4546,0.4715,380.5786,7.8708
1411.2500,2.1754,96.1613,0.0587,0.7682,0.5889,344.5821,7.5082
1412.5000,2.0730,104.0047,0.0589,0.6823,0.5737,347.0052,7.6192
1413.7500,1.8831,289.7240,0.0323,0.4020,0.4077,384.7686,8.6069
1415.0000,1.7592,244.1529,0.0318,0.4544,0.4316,375.4499,8.5678
1416.2500,1.8804,153.4737,0.0477,0.5116,0.5039,360.9881,8.0574
1417.5000,2.0366,476.6392,0.0256,0.3276,0.3454,404.8969,8.8807
1418.7500,2.0784,730.3446,0.0243,0.2363,0.2996,417.9695,9.1782
1420.0000,2.2818,261.5631,0.0461,0.3822,0.4218,391.1465,8.2078
1421.2500,2.6603,202.2314,0.0581,0.4473,0.4596,388.1327,7.7975
1422.5000,2.7963,254.9036,0.0322,0.6849,0.4255,400.5186,7.8752
1423.7500,2.7829,383.4866,0.0266,0.5460,0.3713,416.1920,8.1416
1425.0000,2.5162,242.7708,0.0492,0.4263,0.4325,393.1778,8.0024
1426.2500,2.2899,1142.5303,0.0168,0.2389,0.2581,435.6040,9.2815
1427.5000,2.4003,565.2282,0.0251,0.3390,0.3263,420.1246,8.6796
1428.7500,2.4946,1170.9524,0.0167,0.2559,0.2560,442.2928,9.0883
1430.0000,2.4609,273.0870,0.0295,0.6118,0.4158,396.7084,8.1193
1431.2500,2.4825,270.0207,0.0338,0.5400,0.4174,396.7234,8.0976
1432.5000,2.4677,610.4096,0.0236,0.3431,0.3180,424.1734,8.6767
1433.7500,2.4771,419.8072,0.0222,0.5397,0.3603,412.5891,8.4101
1435.0000,2.8327,128.2722,0.0694,0.6379,0.5349,368.7687,7.4256
1436.2500,3.0361,574.7536,0.0298,0.3528,0.3245,435.4656,8.2246
1437.5000,3.0603,401.5811,0.0316,0.4811,0.3657,423.3854,8.0040
1438.7500,3.0523,394.1558,0.0385,0.3997,0.3679,422.5353,7.9978
1440.0000,3.1277,277.9186,0.0515,0.4317,0.4134,409.9447,7.7571
1441.2500,3.3769,560.5781,0.0263,0.4570,0.3272,441.3236,8.0078
1442.5000,3.3621,1116.7039,0.0211,0.2856,0.2600,462.3259,8.3637
1443.7500,3.2624,1066.1485,0.0165,0.3726,0.2641,458.9225,8.4080
1445.0000,3.2826,573.8869,0.0220,0.5221,0.3246,440.3446,8.0737
1446.2500,3.1991,299.1011,0.0323,0.6637,0.4034,414.2350,7.7637
1447.5000,3.0671,650.6491,0.0216,0.4373,0.3113,440.1245,8.2748
1448.7500,3.0321,538.4005,0.0211,0.5335,0.3316,433.2071,8.1897
1450.0000,3.1533,794.6827,0.0235,0.3333,0.2913,448.1249,8.3280
1451.2500,3.3392,1787.3980,0.0112,0.3333,0.2223,473.7667,8.6056
1452.5000,3.6342,274.5944,0.0522,0.5149,0.4151,417.2648,7.5252
1453.7500,4.1312,596.5499,0.0287,0.4773,0.3205,456.2859,7.6615
1455.0000,4.2848,496.4956,0.0285,0.6057,0.3407,451.6062,7.5226
1456.2500,4.4221,398.2662,0.0273,0.8221,0.3667,444.4433,7.3839
1457.5000,4.5730,955.4793,0.0198,0.4832,0.2739,479.2436,7.6424
1458.7500,4.2969,96.0714,0.0992,0.8779,0.5890,365.7082,6.8554
1460.0000,3.7163,102.1303,0.0507,1.4265,0.5772,365.1036,7.0178
1461.2500,3.8039,305.4245,0.0382,0.6481,0.4006,424.4461,7.5075
1462.5000,3.9534,381.9687,0.0235,0.8683,0.3718,436.2087,7.5481
1463.7500,4.1514,241.5199,0.0576,0.5993,0.4332,417.9970,7.2766
1465.0000,4.2955,386.7388,0.0344,0.6416,0.3703,441.5068,7.4192
1466.2500,3.9130,101.5119,0.0521,1.4787,0.5783,366.3898,6.9658
1467.5000,3.4739,100.0974,0.0598,1.1988,0.5810,361.6625,7.0726
1468.7500,3.4496,436.1284,0.0208,0.7656,0.3557,433.5253,7.8406
1470.0000,3.5480,646.9161,0.0190,0.5773,0.3119,449.3620,7.9849
1471.2500,3.3890,246.9738,0.0653,0.4125,0.4300,408.8752,7.5732
1472.5000,3.1102,122.2629,0.0437,1.1657,0.5436,369.6369,7.2937
1473.7500,2.9162,205.8411,0.0436,0.6532,0.4569,393.2399,7.6814
1475.0000,2.8785,384.4815,0.0335,0.4420,0.3710,418.2298,8.0845
1476.2500,3.0334,465.2681,0.0254,0.5105,0.3482,428.2010,8.1048
1477.5000,3.0523,872.7726,0.0178,0.3930,0.2823,448.6712,8.4485
1478.7500,3.2368,270.2283,0.0548,0.4442,0.4173,410.5278,7.6894
1480.0000,3.7918,227.3286,0.0531,0.6236,0.4420,410.5397,7.3741
1481.2500,4.2538,243.2633,0.0699,0.5055,0.4322,419.5729,7.2460
1482.5000,4.6269,291.6564,0.0373,0.8547,0.4068,432.8036,7.1978
1483.7500,5.0391,271.0092,0.0630,0.5891,0.4169,433.6544,7.0516
1485.0000,5.3112,169.3993,0.0459,1.3478,0.4876,410.0728,6.8373
1486.2500,4.8518,137.8944,0.0944,0.7480,0.5222,393.6403,6.8708
1487.5000,4.1608,53.9094,0.1302,1.1954,0.7141,321.8349,6.6457
1488.7500,3.5843,776.4620,0.0247,0.3809,0.2935,455.9989,8.0519
1490.0000,3.6059,355.0162,0.0243,0.8430,0.3810,427.9381,7.6633
1491.2500,3.7460,374.6870,0.0217,0.9243,0.3742,432.3240,7.6272
1492.5000,3.7055,1041.0689,0.0149,0.4750,0.2662,467.2078,8.1165
1493.7500,3.4281,185.1675,0.0494,0.7364,0.4733,395.6212,7.4060
1495.0000,2.8825,113.2867,0.0479,1.0893,0.5575,362.6807,7.3299
1496.2500,2.5902,276.9968,0.0264,0.7183,0.4139,399.9369,8.0480
1497.5000,2.4030,324.3493,0.0235,0.6256,0.3927,401.8678,8.2811
1498.7500,2.3276,359.4272,0.0283,0.4630,0.3794,403.7149,8.4112
1500.0000,2.5431,219.8752,0.0502,0.4651,0.4470,389.6020,7.9181
1501.2500,2.8947,106.4044,0.0725,0.7667,0.5693,359.3111,7.2873
1502.5000,2.9378,116.2118,0.0520,0.9947,0.5528,364.7612,7.3252
1503.7500,2.8704,505.8037,0.0281,0.4083,0.3386,427.7176,8.2567
1505.0000,2.8044,77.9808,0.0591,1.2071,0.6315,339.9252,7.1268
1506.2500,2.6953,236.7007,0.0333,0.6735,0.4361,395.5587,7.8825
1507.5000,2.7856,1191.5798,0.0162,0.2878,0.2545,450.6130,8.8336
1508.7500,2.7600,445.8466,0.0234,0.5324,0.3531,421.0455,8.2516
1510.0000,2.7411,538.8356,0.0260,0.3929,0.3315,426.9490,8.3842
1511.2500,2.8071,467.0606,0.0236,0.5047,0.3477,423.6582,8.2495
1512.5000,2.8381,560.3985,0.0229,0.4430,0.3272,430.3919,8.3408
1513.7500,2.8852,106.1885,0.0483,1.1475,0.5697,359.0868,7.2894
1515.0000,2.8367,80.6060,0.0583,1.2177,0.6245,342.2763,7.1372
1516.2500,2.6051,279.3152,0.0343,0.5452,0.4127,400.5638,8.0446
1517.5000,2.3990,713.1081,0.0177,0.3815,0.3020,426.8016,8.8439
1518.7500,2.4057,656.4521,0.0191,0.3886,0.3104,424.6518,8.7801
1520.0000,2.3505,192.6488,0.0445,0.5437,0.4671,380.2891,7.9363
1521.2500,2.2629,543.5616,0.0256,0.3228,0.3306,415.2641,8.7709
1522.5000,2.3842,1058.6655,0.0150,0.3054,0.2647,436.6493,9.1306
1523.7500,2.5337,378.5742,0.0245,0.5508,0.3729,410.3475,8.2979
1525.0000,2.7856,128.4392,0.0693,0.6373,0.5347,368.2048,7.4453
1526.2500,3.0388,172.6234,0.0454,0.7870,0.4845,386.7706,7.5213
1527.5000,3.1115,318.6935,0.0373,0.5300,0.3950,415.3435,7.8435
1528.7500,3.0361,405.5270,0.0335,0.4527,0.3645,423.2851,8.0235
1530.0000,3.0334,210.9857,0.0363,0.8012,0.4532,396.2360,7.6418
1531.2500,3.0913,119.0404,0.0423,1.2420,0.5484,367.9233,7.2850
1532.5000,3.0577,133.4778,0.0459,0.9963,0.5279,373.7984,7.3633
1533.7500,2.9068,196.2140,0.0383,0.7810,0.4643,390.8869,7.6565
1535.0000,2.6172,235.0244,0.0524,0.4230,0.4372,393.8024,7.9213
1536.2500,2.3734,315.0747,0.0262,0.5751,0.3965,400.1386,8.2811
1537.5000,2.3909,153.7943,0.0390,0.7945,0.5035,371.0343,7.7497
1538.7500,2.0784,87.1330,0.0937,0.5221,0.6085,338.0750,7.4769
1540.0000,1.9477,323.8033,0.0329,0.3636,0.3929,390.2803,8.6437
1541.2500,2.0366,173.4627,0.0414,0.5638,0.4837,369.4558,8.0532
1542.5000,2.0717,127.3945,0.0451,0.7160,0.5362,356.6682,7.7816
1543.7500,2.1242,265.2781,0.0397,0.4089,0.4199,387.9873,8.3333
1545.0000,2.2522,409.3218,0.0257,0.4313,0.3633,406.1708,8.5678
1546.2500,2.2414,165.6092,0.0380,0.7163,0.4913,371.6420,7.8879
1547.5000,2.3087,61.1804,0.0668,1.1524,0.6847,320.4414,7.1229
1548.7500,2.7492,117.5555,0.0705,0.6452,0.5507,363.0248,7.4036
1550.0000,3.0388,220.9570,0.0518,0.5295,0.4462,398.4289,7.6665
1551.2500,3.5789,72.7551,0.0897,1.0882,0.6462,341.4660,6.8871
1552.5000,3.7675,353.8854,0.0325,0.6637,0.3814,430.2734,7.5912
1553.7500,3.7406,615.1612,0.0241,0.4982,0.3172,451.0410,7.8600
1555.0000,3.5277,115.0154,0.0588,1.0265,0.5547,370.6406,7.1279
1556.2500,3.1721,85.2667,0.0511,1.4663,0.6129,348.8637,7.0713
1557.5000,2.9782,252.7192,0.0339,0.7023,0.4267,403.3574,7.7754
1558.7500,2.8085,459.3807,0.0211,0.5833,0.3496,423.1186,8.2383
1560.0000,2.8085,259.3138,0.0313,0.6964,0.4231,401.4547,7.8795
1561.2500,2.9634,96.6971,0.0453,1.3457,0.5878,354.5337,7.2066
1562.5000,2.9149,131.3980,0.0357,1.2424,0.5307,371.1265,7.4081
1563.7500,2.8152,1232.0345,0.0124,0.3667,0.2517,452.2029,8.8278
1565.0000,2.6360,428.8013,0.0258,0.4737,0.3578,416.9762,8.3105
1566.2500,2.5876,114.4741,0.0561,0.8219,0.5556,359.4620,7.4517
1567.5000,2.8071,129.5070,0.0375,1.1408,0.5332,368.9300,7.4418
1568.7500,2.7977,1790.4806,0.0103,0.3029,0.2222,460.4392,9.0564
1570.0000,2.8421,608.7809,0.0166,0.5627,0.3183,433.1228,8.3883
1571.2500,2.8933,351.2695,0.0213,0.7741,0.3824,415.1374,8.0205
1572.5000,2.8610,329.6181,0.0257,0.6820,0.3905,412.0701,8.0001
1573.7500,2.7303,202.1273,0.0349,0.7738,0.4597,389.3256,7.7611
1575.0000,2.5714,427.1100,0.0220,0.5475,0.3582,415.3738,8.3533
1576.2500,2.6791,153.6304,0.0418,0.8474,0.5037,375.7028,7.6068
1577.5000,2.9108,316.6197,0.0285,0.6515,0.3958,411.4440,7.9471
1578.7500,3.2287,522.8243,0.0328,0.3679,0.3349,436.1045,8.0550
1580.0000,3.2031,369.5212,0.0389,0.4340,0.3760,422.8399,7.8792
1581.2500,2.9499,280.0070,0.0277,0.7670,0.4124,407.1888,7.8515
1582.5000,3.0253,477.6648,0.0184,0.6930,0.3451,428.9640,8.1248
1583.7500,3.1169,435.4301,0.0271,0.5354,0.3559,427.4453,8.0180
1585.0000,3.1950,194.3017,0.0321,1.0223,0.4658,394.7858,7.5240
1586.2500,3.1506,269.7131,0.0252,0.9149,0.4176,409.0444,7.7290
1587.5000,3.2152,412.0288,0.0254,0.6053,0.3625,427.2285,7.9328
1588.7500,3.2691,254.9127,0.0322,0.7868,0.4255,408.4749,7.6426
1590.0000,3.6072,109.2187,0.0743,0.8794,0.5644,368.2876,7.0795
1591.2500,3.7810,351.4630,0.0222,0.9782,0.3823,430.1847,7.5823
1592.5000,3.8389,660.8828,0.0201,0.5802,0.3097,455.1965,7.8428
1593.7500,3.8901,867.1967,0.0157,0.5763,0.2829,465.0278,7.9346
1595.0000,3.9318,538.3377,0.0200,0.7323,0.3316,449.3909,7.7082
1596.2500,4.0450,452.3252,0.0204,0.8869,0.3514,444.4362,7.5833
1597.5000,4.1016,153.1312,0.0388,1.3735,0.5043,393.1665,7.0975
1598.7500,4.0383,91.7132,0.0447,1.9535,0.5982,360.6624,6.8919
1600.0000,3.9561,162.6715,0.0414,1.1520,0.4942,395.0572,7.1662
1601.2500,3.8470,272.3645,0.0333,0.8494,0.4162,419.8584,7.4377
1602.5000,3.7702,104.3785,0.0615,1.1605,0.5730,366.9525,7.0142
1603.7500,3.4092,83.5849,0.0447,1.8474,0.6170,349.5963,6.9972
1605.0000,3.4227,250.0800,0.0208,1.3135,0.4282,409.9436,7.5655
1606.2500,3.5210,368.1634,0.0201,0.9442,0.3764,428.0772,7.7202
1607.5000,3.4281,297.0314,0.0432,0.5272,0.4043,417.6421,7.6529
1608.7500,3.2934,287.2632,0.0334,0.6785,0.4089,414.0734,7.6966
1610.0000,3.1546,142.7413,0.0397,1.1372,0.5162,378.6106,7.3660
1611.2500,3.0954,332.8144,0.0326,0.5723,0.3893,416.7979,7.8767
1612.5000,3.1721,365.9772,0.0199,0.8647,0.3772,421.9119,7.8901
1613.7500,3.2597,671.5060,0.0143,0.6746,0.3081,445.0884,8.1703
1615.0000,3.2166,460.5749,0.0173,0.8086,0.3493,431.3691,7.9930
1616.2500,3.1425,351.5796,0.0220,0.8138,0.3822,419.8110,7.8831
1617.5000,3.2085,171.6059,0.0276,1.3557,0.4855,388.8520,7.4491
1618.7500,3.2247,378.2551,0.0192,0.8897,0.3730,424.1309,7.8808
1620.0000,3.1654,305.3294,0.0335,0.6243,0.4006,414.5228,7.7919
1621.2500,3.1816,105.8532,0.0514,1.1726,0.5703,362.1707,7.1887
1622.5000,2.9095,147.7389,0.0670,0.5945,0.5103,377.1427,7.4817
1623.7500,2.6360,125.0914,0.0414,1.0498,0.5394,364.7666,7.4904
1625.0000,2.6549,88.7683,0.0560,1.0716,0.6048,346.1963,7.2579
1626.2500,2.6643,183.1474,0.0292,0.9833,0.4751,383.7466,7.7298
1627.5000,2.8273,681.2356,0.0355,0.2380,0.3066,436.2537,8.4670
1628.7500,2.9162,285.3158,0.0318,0.6537,0.4098,407.3570,7.8808
1630.0000,2.8448,286.8604,0.0247,0.8087,0.4091,406.2664,7.9229
1631.2500,2.9162,102.7357,0.0421,1.3503,0.5760,357.5527,7.2586
1632.5000,3.1654,80.2578,0.0714,1.0941,0.6254,344.9359,7.0396
1633.7500,3.3957,122.2093,0.0528,1.0624,0.5436,372.8282,7.1991
1635.0000,3.4173,216.3911,0.0324,1.0010,0.4494,403.1177,7.4919
1636.2500,3.3082,765.3659,0.0217,0.4015,0.2949,450.1903,8.2086
1637.5000,3.2637,463.7310,0.0186,0.7615,0.3485,432.4931,7.9706
1638.7500,3.5035,69.6182,0.0937,1.1201,0.6558,337.8728,6.8821
1640.0000,4.0921,67.9065,0.0569,2.0794,0.6613,339.5863,6.7527
1641.2500,4.2659,413.3523,0.0368,0.5667,0.3622,443.9165,7.4570
1642.5000,4.4922,341.8126,0.0243,1.0842,0.3858,438.6092,7.3009
1643.7500,4.5461,294.2122,0.0294,1.0572,0.4056,432.2839,7.2266
1645.0000,4.6794,868.8515,0.0145,0.7441,0.2827,477.6907,7.5640
1646.2500,4.5717,459.7793,0.0272,0.7224,0.3495,452.4430,7.3830
1647.5000,4.5003,502.5088,0.0273,0.6530,0.3393,455.0898,7.4424
1648.7500,4.6848,507.8876,0.0187,0.9889,0.3381,457.9849,7.3772
1650.0000,4.6202,155.9854,0.0461,1.2590,0.5012,399.1927,6.9689
1651.2500,4.5690,237.5063,0.0458,0.8309,0.4356,421.9287,7.1394
1652.5000,4.8316,442.8650,0.0180,1.2059,0.3539,454.1828,7.2783
1653.7500,4.8882,712.6350,0.0182,0.7552,0.3020,473.6744,7.4151
1655.0000,4.7912,161.9642,0.0261,2.2619,0.4949,402.9573,6.9410
1656.2500,4.3831,47.9640,0.0642,2.7916,0.7425,312.7654,6.5683
1657.5000,3.9588,385.1739,0.0262,0.7819,0.3708,436.6351,7.5496
1658.7500,3.7258,894.5396,0.0213,0.3931,0.2800,463.0434,8.0374
1660.0000,3.8497,147.2249,0.0406,1.2856,0.5109,388.3260,7.1525
1661.2500,4.0558,647.8267,0.0170,0.7398,0.3118,458.0637,7.7298
1662.5000,4.0638,375.8546,0.0169,1.2805,0.3738,437.1096,7.4965
1663.7500,4.1406,2188.3068,0.0077,0.4886,0.2078,494.9775,8.1568
1665.0000,4.0867,451.7241,0.0273,0.6498,0.3516,444.9982,7.5653
1666.2500,4.1298,169.7553,0.0598,0.8144,0.4872,399.2712,7.1335
1667.5000,4.4922,250.2150,0.0245,1.4725,0.4281,423.7277,7.1822
1668.7500,4.5865,1137.0660,0.0158,0.5128,0.2585,484.9186,7.6956
1670.0000,4.8842,552.5093,0.0388,0.4565,0.3288,463.9371,7.3338
1671.2500,5.0216,82.6849,0.0595,2.0442,0.6193,359.5150,6.6665
1672.5000,4.6902,84.2475,0.0819,1.3735,0.6154,359.0173,6.7292
1673.7500,4.5407,75.0389,0.0455,2.6739,0.6396,349.5609,6.7130
1675.0000,4.4033,156.8070,0.0314,1.8067,0.5003,397.4919,7.0258
1676.2500,4.1743,160.2635,0.0350,1.4827,0.4967,396.4993,7.0965
1677.5000,3.8847,114.3464,0.0384,1.7631,0.5558,373.6784,7.0268
1678.7500,3.6045,112.6724,0.0327,1.9717,0.5586,370.1576,7.0956
1680.0000,3.4186,438.1349,0.0180,0.8634,0.3552,433.1631,7.8587
1681.2500,3.3062,1000.0979,0.0260,0.2486,0.2698,458.0705,8.3461
